sample,time_us,amplitude
0,0.0,0.00146484375
1,0.025,0.001708984375
2,0.05,0.001708984375
3,0.075,0.001708984375
4,0.1,0.00146484375
5,0.125,0.00146484375
6,0.15,0.001220703125
7,0.175,0.000732421875
8,0.2,0.00634765625
9,0.225,-0.002685546875
10,0.25,0.008544921875
11,0.275,-0.001953125
12,0.3,0.00341796875
13,0.325,0.00048828125
14,0.35,0.001953125
15,0.375,0.001220703125
16,0.4,0.001708984375
17,0.425,0.001220703125
18,0.45,0.00146484375
19,0.475,0.00146484375
20,0.5,0.001220703125
21,0.525,0.001708984375
22,0.55,0.001708984375
23,0.575,0.00146484375
24,0.6,0.001708984375
25,0.625,0.00146484375
26,0.65,0.001708984375
27,0.675,0.00146484375
28,0.7,0.001708984375
29,0.725,0.001708984375
30,0.75,0.00146484375
31,0.775,0.001708984375
32,0.8,0.001708984375
33,0.825,0.001708984375
34,0.85,0.001708984375
35,0.875,-0.00634765625
36,0.9,0.010498046875
37,0.925,-0.001708984375
38,0.95,0.001953125
39,0.975,0.00146484375
40,1.0,0.001708984375
41,1.025,0.001708984375
42,1.05,0.001708984375
43,1.075,0.001708984375
44,1.1,0.001708984375
45,1.125,0.001953125
46,1.15,0.001953125
47,1.175,0.001708984375
48,1.2,0.001708984375
49,1.225,0.001220703125
50,1.25,0.001220703125
51,1.275,0.001708984375
52,1.3,0.001708984375
53,1.325,0.001708984375
54,1.35,0.00146484375
55,1.375,0.00146484375
56,1.4,0.00146484375
57,1.425,0.001708984375
58,1.45,0.001708984375
59,1.475,0.001708984375
60,1.5,0.00146484375
61,1.525,0.001708984375
62,1.55,0.001708984375
63,1.575,0.001708984375
64,1.6,0.001708984375
65,1.625,0.00146484375
66,1.65,0.001708984375
67,1.675,0.001953125
68,1.7,0.001708984375
69,1.725,0.001708984375
70,1.75,0.00146484375
71,1.775,0.001708984375
72,1.8,0.001708984375
73,1.825,0.001708984375
74,1.85,0.001708984375
75,1.875,0.001708984375
76,1.9,0.001708984375
77,1.925,0.001708984375
78,1.95,0.001708984375
79,1.975,0.001708984375
80,2.0,0.001953125
81,2.025,0.001708984375
82,2.05,0.001708984375
83,2.075,0.001708984375
84,2.1,0.001708984375
85,2.125,0.001708984375
86,2.15,0.00146484375
87,2.175,0.001953125
88,2.2,0.001708984375
89,2.225,0.001953125
90,2.25,0.00146484375
91,2.275,0.001953125
92,2.3,0.001953125
93,2.325,0.001708984375
94,2.35,0.001953125
95,2.375,0.001708984375
96,2.4,0.001708984375
97,2.425,0.001708984375
98,2.45,0.001708984375
99,2.475,0.001953125
100,2.5,0.001708984375
101,2.525,0.001708984375
102,2.55,0.001953125
103,2.575,0.001708984375
104,2.6,0.001708984375
105,2.625,0.001708984375
106,2.65,0.001708984375
107,2.675,0.001953125
108,2.7,0.001708984375
109,2.725,0.001708984375
110,2.75,0.00146484375
111,2.775,0.001953125
112,2.8,0.001708984375
113,2.825,0.001953125
114,2.85,0.001708984375
115,2.875,0.001953125
116,2.9,0.001708984375
117,2.925,0.001708984375
118,2.95,0.001953125
119,2.975,0.001953125
120,3.0,0.001708984375
121,3.025,0.00146484375
122,3.05,0.001953125
123,3.075,0.001953125
124,3.1,0.001708984375
125,3.125,0.001708984375
126,3.15,0.001708984375
127,3.175,0.00146484375
128,3.2,0.001953125
129,3.225,0.001953125
130,3.25,0.001708984375
131,3.275,0.001708984375
132,3.3,0.001708984375
133,3.325,0.00146484375
134,3.35,0.001708984375
135,3.375,0.001708984375
136,3.4,0.001708984375
137,3.425,0.001220703125
138,3.45,0.001708984375
139,3.475,0.001708984375
140,3.5,0.001953125
141,3.525,0.001708984375
142,3.55,0.001708984375
143,3.575,0.001708984375
144,3.6,0.001953125
145,3.625,0.001708984375
146,3.65,0.001708984375
147,3.675,0.001708984375
148,3.7,0.001708984375
149,3.725,0.001708984375
150,3.75,0.001708984375
151,3.775,0.001708984375
152,3.8,0.001708984375
153,3.825,0.00146484375
154,3.85,0.001953125
155,3.875,0.00146484375
156,3.9,0.001708984375
157,3.925,0.001708984375
158,3.95,0.001708984375
159,3.975,0.001708984375
160,4.0,0.00146484375
161,4.025,0.001708984375
162,4.05,0.00146484375
163,4.075,0.00146484375
164,4.1,0.00146484375
165,4.125,0.00146484375
166,4.15,0.001708984375
167,4.175,0.00146484375
168,4.2,0.001708984375
169,4.225,0.001708984375
170,4.25,0.00146484375
171,4.275,0.001708984375
172,4.3,0.00146484375
173,4.325,0.001708984375
174,4.35,0.001708984375
175,4.375,0.001708984375
176,4.4,0.00146484375
177,4.425,0.001708984375
178,4.45,0.001708984375
179,4.475,0.00146484375
180,4.5,0.00146484375
181,4.525,0.00146484375
182,4.55,0.001708984375
183,4.575,0.00146484375
184,4.6,0.00146484375
185,4.625,0.001708984375
186,4.65,0.001708984375
187,4.675,0.001708984375
188,4.7,0.001708984375
189,4.725,0.001708984375
190,4.75,0.00146484375
191,4.775,0.00146484375
192,4.8,0.00146484375
193,4.825,0.00146484375
194,4.85,0.001708984375
195,4.875,0.001708984375
196,4.9,0.001708984375
197,4.925,0.001708984375
198,4.95,0.00146484375
199,4.975,0.00146484375
200,5.0,0.00146484375
201,5.025,0.001708984375
202,5.05,0.00146484375
203,5.075,0.001708984375
204,5.1,0.001708984375
205,5.125,0.001708984375
206,5.15,0.00146484375
207,5.175,0.00146484375
208,5.2,0.00146484375
209,5.225,0.00146484375
210,5.25,0.001708984375
211,5.275,0.001708984375
212,5.3,0.001708984375
213,5.325,0.001708984375
214,5.35,0.00146484375
215,5.375,0.001708984375
216,5.4,0.00146484375
217,5.425,0.00146484375
218,5.45,0.001220703125
219,5.475,0.00146484375
220,5.5,0.00146484375
221,5.525,0.00146484375
222,5.55,0.001708984375
223,5.575,0.001708984375
224,5.6,0.00146484375
225,5.625,0.001708984375
226,5.65,0.00146484375
227,5.675,0.001708984375
228,5.7,0.001708984375
229,5.725,0.00146484375
230,5.75,0.00146484375
231,5.775,0.001708984375
232,5.8,0.001708984375
233,5.825,0.001953125
234,5.85,0.001708984375
235,5.875,0.001708984375
236,5.9,0.001708984375
237,5.925,0.00146484375
238,5.95,0.001708984375
239,5.975,0.001708984375
240,6.0,0.001953125
241,6.025,0.001708984375
242,6.05,0.001953125
243,6.075,0.001708984375
244,6.1,0.001708984375
245,6.125,0.001708984375
246,6.15,0.001953125
247,6.175,0.001953125
248,6.2,0.001953125
249,6.225,0.00146484375
250,6.25,0.00146484375
251,6.275,0.001953125
252,6.3,0.001953125
253,6.325,0.001953125
254,6.35,0.001708984375
255,6.375,0.001953125
256,6.4,0.001953125
257,6.425,0.001953125
258,6.45,0.001708984375
259,6.475,0.001708984375
260,6.5,0.001953125
261,6.525,0.002197265625
262,6.55,0.001953125
263,6.575,0.002197265625
264,6.6,0.001953125
265,6.625,0.001953125
266,6.65,0.001953125
267,6.675,0.001953125
268,6.7,0.001953125
269,6.725,0.001953125
270,6.75,0.001708984375
271,6.775,0.001953125
272,6.8,0.001953125
273,6.825,0.001953125
274,6.85,0.001708984375
275,6.875,0.001708984375
276,6.9,0.001708984375
277,6.925,0.002197265625
278,6.95,0.001953125
279,6.975,0.002197265625
280,7.0,0.001708984375
281,7.025,0.001953125
282,7.05,0.001708984375
283,7.075,0.001953125
284,7.1,0.001953125
285,7.125,0.001953125
286,7.15,0.001953125
287,7.175,0.001708984375
288,7.2,0.001708984375
289,7.225,0.001708984375
290,7.25,0.001708984375
291,7.275,0.001708984375
292,7.3,0.001953125
293,7.325,0.001953125
294,7.35,0.001708984375
295,7.375,0.001708984375
296,7.4,0.001953125
297,7.425,0.001708984375
298,7.45,0.001708984375
299,7.475,0.001708984375
300,7.5,0.001708984375
301,7.525,0.001953125
302,7.55,0.001953125
303,7.575,0.001708984375
304,7.6,0.001953125
305,7.625,0.001708984375
306,7.65,0.001708984375
307,7.675,0.002197265625
308,7.7,0.001708984375
309,7.725,0.001953125
310,7.75,0.001708984375
311,7.775,0.001953125
312,7.8,0.001708984375
313,7.825,0.001953125
314,7.85,0.001953125
315,7.875,0.001708984375
316,7.9,0.001708984375
317,7.925,0.001708984375
318,7.95,0.001708984375
319,7.975,0.001708984375
320,8.0,0.00146484375
321,8.025,0.001708984375
322,8.05,0.001708984375
323,8.075,0.001708984375
324,8.1,0.001953125
325,8.125,0.001708984375
326,8.15,0.001708984375
327,8.175,0.001708984375
328,8.2,0.001708984375
329,8.225,0.00146484375
330,8.25,0.001708984375
331,8.275,0.00146484375
332,8.3,0.001708984375
333,8.325,0.001708984375
334,8.35,0.001708984375
335,8.375,0.001708984375
336,8.4,0.001708984375
337,8.425,0.00146484375
338,8.45,0.001220703125
339,8.475,0.00146484375
340,8.5,0.001708984375
341,8.525,0.001708984375
342,8.55,0.00146484375
343,8.575,0.001220703125
344,8.6,0.00146484375
345,8.625,0.001708984375
346,8.65,0.001708984375
347,8.675,0.001708984375
348,8.7,0.001708984375
349,8.725,0.00146484375
350,8.75,0.00146484375
351,8.775,0.001708984375
352,8.8,0.00146484375
353,8.825,0.001708984375
354,8.85,0.001708984375
355,8.875,0.001708984375
356,8.9,0.001708984375
357,8.925,0.001708984375
358,8.95,0.001708984375
359,8.975,0.00146484375
360,9.0,0.001708984375
361,9.025,0.001708984375
362,9.05,0.001953125
363,9.075,0.001708984375
364,9.1,0.001708984375
365,9.125,0.001708984375
366,9.15,0.00146484375
367,9.175,0.001708984375
368,9.2,0.001953125
369,9.225,0.00146484375
370,9.25,0.001708984375
371,9.275,0.00146484375
372,9.3,0.001708984375
373,9.325,0.001708984375
374,9.35,0.001708984375
375,9.375,0.00146484375
376,9.4,0.001708984375
377,9.425,0.001708984375
378,9.45,0.00146484375
379,9.475,0.00146484375
380,9.5,0.00146484375
381,9.525,0.001708984375
382,9.55,0.001708984375
383,9.575,0.00146484375
384,9.6,0.00146484375
385,9.625,0.001708984375
386,9.65,0.00146484375
387,9.675,0.001708984375
388,9.7,0.00146484375
389,9.725,0.00146484375
390,9.75,0.00146484375
391,9.775,0.001708984375
392,9.8,0.001708984375
393,9.825,0.00146484375
394,9.85,0.001708984375
395,9.875,0.001708984375
396,9.9,0.00146484375
397,9.925,0.001708984375
398,9.95,0.001708984375
399,9.975,0.001708984375
400,10.0,0.00146484375
401,10.025,0.001708984375
402,10.05,0.001953125
403,10.075,0.001708984375
404,10.1,0.001953125
405,10.125,0.001708984375
406,10.15,0.001953125
407,10.175,0.001708984375
408,10.2,0.001953125
409,10.225,0.00146484375
410,10.25,0.001708984375
411,10.275,0.001953125
412,10.3,0.001708984375
413,10.325,0.001953125
414,10.35,0.001708984375
415,10.375,0.001708984375
416,10.4,0.001953125
417,10.425,0.001953125
418,10.45,0.001953125
419,10.475,0.001708984375
420,10.5,0.001953125
421,10.525,0.001953125
422,10.55,0.001708984375
423,10.575,0.001708984375
424,10.6,0.001953125
425,10.625,0.001953125
426,10.65,0.001708984375
427,10.675,0.001708984375
428,10.7,0.001708984375
429,10.725,0.001708984375
430,10.75,0.001953125
431,10.775,0.001953125
432,10.8,0.001708984375
433,10.825,0.002197265625
434,10.85,0.001953125
435,10.875,0.001953125
436,10.9,0.002197265625
437,10.925,0.001953125
438,10.95,0.002197265625
439,10.975,0.001953125
440,11.0,0.001953125
441,11.025,0.001953125
442,11.05,0.001953125
443,11.075,0.001708984375
444,11.1,0.001708984375
445,11.125,0.001708984375
446,11.15,0.001708984375
447,11.175,0.001708984375
448,11.2,0.001953125
449,11.225,0.001953125
450,11.25,0.001953125
451,11.275,0.001953125
452,11.3,0.001953125
453,11.325,0.001953125
454,11.35,0.001953125
455,11.375,0.001953125
456,11.4,0.001708984375
457,11.425,0.001708984375
458,11.45,0.001708984375
459,11.475,0.001708984375
460,11.5,0.001220703125
461,11.525,0.001708984375
462,11.55,0.001953125
463,11.575,0.001953125
464,11.6,0.001708984375
465,11.625,0.001708984375
466,11.65,0.001708984375
467,11.675,0.001708984375
468,11.7,0.001953125
469,11.725,0.001708984375
470,11.75,0.001953125
471,11.775,0.001953125
472,11.8,0.001708984375
473,11.825,0.001708984375
474,11.85,0.001953125
475,11.875,0.001953125
476,11.9,0.001953125
477,11.925,0.002197265625
478,11.95,0.001953125
479,11.975,0.001953125
480,12.0,0.001953125
481,12.025,0.001708984375
482,12.05,0.001708984375
483,12.075,0.001708984375
484,12.1,0.001953125
485,12.125,0.001708984375
486,12.15,0.001708984375
487,12.175,0.001953125
488,12.2,0.001708984375
489,12.225,0.001708984375
490,12.25,0.001708984375
491,12.275,0.001708984375
492,12.3,0.001953125
493,12.325,0.00146484375
494,12.35,0.001708984375
495,12.375,0.001708984375
496,12.4,0.001953125
497,12.425,0.001708984375
498,12.45,0.001708984375
499,12.475,0.00146484375
500,12.5,0.001708984375
501,12.525,0.001708984375
502,12.55,0.001708984375
503,12.575,0.001708984375
504,12.6,0.001220703125
505,12.625,0.00146484375
506,12.65,0.001708984375
507,12.675,0.001708984375
508,12.7,0.001708984375
509,12.725,0.001708984375
510,12.75,0.00146484375
511,12.775,0.001708984375
512,12.8,0.001708984375
513,12.825,0.001708984375
514,12.85,0.001708984375
515,12.875,0.001220703125
516,12.9,0.00146484375
517,12.925,0.00146484375
518,12.95,0.001708984375
519,12.975,0.001708984375
520,13.0,0.001708984375
521,13.025,0.001708984375
522,13.05,0.00146484375
523,13.075,0.001708984375
524,13.1,0.001953125
525,13.125,0.001953125
526,13.15,0.001953125
527,13.175,0.00146484375
528,13.2,0.00146484375
529,13.225,0.001708984375
530,13.25,0.001708984375
531,13.275,0.001708984375
532,13.3,0.00146484375
533,13.325,0.001708984375
534,13.35,0.001708984375
535,13.375,0.00146484375
536,13.4,0.001708984375
537,13.425,0.00146484375
538,13.45,0.001708984375
539,13.475,0.00146484375
540,13.5,0.001708984375
541,13.525,0.001708984375
542,13.55,0.001708984375
543,13.575,0.00146484375
544,13.6,0.001220703125
545,13.625,0.00146484375
546,13.65,0.001708984375
547,13.675,0.001708984375
548,13.7,0.00146484375
549,13.725,0.001708984375
550,13.75,0.001708984375
551,13.775,0.001708984375
552,13.8,0.001708984375
553,13.825,0.00146484375
554,13.85,0.00146484375
555,13.875,0.001708984375
556,13.9,0.001708984375
557,13.925,0.001708984375
558,13.95,0.001708984375
559,13.975,0.00146484375
560,14.0,0.001708984375
561,14.025,0.00146484375
562,14.05,0.00146484375
563,14.075,0.00146484375
564,14.1,0.00146484375
565,14.125,0.00146484375
566,14.15,0.001708984375
567,14.175,0.001708984375
568,14.2,0.00146484375
569,14.225,0.00146484375
570,14.25,0.00146484375
571,14.275,0.001953125
572,14.3,0.001708984375
573,14.325,0.00146484375
574,14.35,0.001708984375
575,14.375,0.001953125
576,14.4,0.001708984375
577,14.425,0.001708984375
578,14.45,0.001953125
579,14.475,0.00146484375
580,14.5,0.001708984375
581,14.525,0.001953125
582,14.55,0.001953125
583,14.575,0.001708984375
584,14.6,0.001708984375
585,14.625,0.00146484375
586,14.65,0.001953125
587,14.675,0.001953125
588,14.7,0.001953125
589,14.725,0.001708984375
590,14.75,0.001708984375
591,14.775,0.001953125
592,14.8,0.001708984375
593,14.825,0.001708984375
594,14.85,0.001708984375
595,14.875,0.001953125
596,14.9,0.001953125
597,14.925,0.001708984375
598,14.95,0.002197265625
599,14.975,0.001953125
600,15.0,0.001708984375
601,15.025,0.001708984375
602,15.05,0.001953125
603,15.075,0.001953125
604,15.1,0.001953125
605,15.125,0.002197265625
606,15.15,0.001953125
607,15.175,0.001953125
608,15.2,0.001953125
609,15.225,0.002197265625
610,15.25,0.001708984375
611,15.275,0.001953125
612,15.3,0.001953125
613,15.325,0.001953125
614,15.35,0.001953125
615,15.375,0.002197265625
616,15.4,0.001708984375
617,15.425,0.001953125
618,15.45,0.001953125
619,15.475,0.001953125
620,15.5,0.001953125
621,15.525,0.002197265625
622,15.55,0.002197265625
623,15.575,0.001953125
624,15.6,0.001953125
625,15.625,0.001953125
626,15.65,0.001953125
627,15.675,0.002197265625
628,15.7,0.001708984375
629,15.725,0.001953125
630,15.75,0.001953125
631,15.775,0.001953125
632,15.8,0.001953125
633,15.825,0.001953125
634,15.85,0.001708984375
635,15.875,0.001708984375
636,15.9,0.001953125
637,15.925,0.001708984375
638,15.95,0.001953125
639,15.975,0.001953125
640,16.0,0.001953125
641,16.025,0.001953125
642,16.05,0.001953125
643,16.075,0.001953125
644,16.1,0.001953125
645,16.125,0.001953125
646,16.15,0.001953125
647,16.175,0.001953125
648,16.2,0.001708984375
649,16.225,0.001953125
650,16.25,0.001953125
651,16.275,0.001708984375
652,16.3,0.001708984375
653,16.325,0.001953125
654,16.35,0.001708984375
655,16.375,0.001953125
656,16.4,0.001708984375
657,16.425,0.001708984375
658,16.45,0.001708984375
659,16.475,0.001708984375
660,16.5,0.001953125
661,16.525,0.001708984375
662,16.55,0.001953125
663,16.575,0.001708984375
664,16.6,0.001708984375
665,16.625,0.001708984375
666,16.65,0.001953125
667,16.675,0.001708984375
668,16.7,0.001708984375
669,16.725,0.001708984375
670,16.75,0.001220703125
671,16.775,0.001708984375
672,16.8,0.00146484375
673,16.825,0.00146484375
674,16.85,0.001708984375
675,16.875,0.00146484375
676,16.9,0.001708984375
677,16.925,0.001953125
678,16.95,0.00146484375
679,16.975,0.00146484375
680,17.0,0.001708984375
681,17.025,0.00146484375
682,17.05,0.001708984375
683,17.075,0.001708984375
684,17.1,0.001953125
685,17.125,0.00146484375
686,17.15,0.001708984375
687,17.175,0.001708984375
688,17.2,0.001708984375
689,17.225,0.001708984375
690,17.25,0.001708984375
691,17.275,0.001708984375
692,17.3,0.001953125
693,17.325,0.001220703125
694,17.35,0.001220703125
695,17.375,0.00146484375
696,17.4,0.001708984375
697,17.425,0.001708984375
698,17.45,0.001708984375
699,17.475,0.001708984375
700,17.5,0.001708984375
701,17.525,0.00146484375
702,17.55,0.001708984375
703,17.575,0.00146484375
704,17.6,0.001708984375
705,17.625,0.00146484375
706,17.65,0.00146484375
707,17.675,0.001708984375
708,17.7,0.001708984375
709,17.725,0.001708984375
710,17.75,0.001708984375
711,17.775,0.001708984375
712,17.8,0.001708984375
713,17.825,0.00146484375
714,17.85,0.001708984375
715,17.875,0.00146484375
716,17.9,0.00146484375
717,17.925,0.001708984375
718,17.95,0.001708984375
719,17.975,0.001953125
720,18.0,0.00146484375
721,18.025,0.001708984375
722,18.05,0.001708984375
723,18.075,0.00146484375
724,18.1,0.001708984375
725,18.125,0.00146484375
726,18.15,0.001708984375
727,18.175,0.001953125
728,18.2,0.001953125
729,18.225,0.001708984375
730,18.25,0.00146484375
731,18.275,0.001953125
732,18.3,0.001953125
733,18.325,0.001708984375
734,18.35,0.001708984375
735,18.375,0.001708984375
736,18.4,0.001708984375
737,18.425,0.001708984375
738,18.45,0.001708984375
739,18.475,0.001953125
740,18.5,0.001953125
741,18.525,0.002197265625
742,18.55,0.001708984375
743,18.575,0.001708984375
744,18.6,0.001953125
745,18.625,0.001708984375
746,18.65,0.001708984375
747,18.675,0.001708984375
748,18.7,0.001708984375
749,18.725,0.001708984375
750,18.75,0.001708984375
751,18.775,0.001953125
752,18.8,0.001953125
753,18.825,0.001708984375
754,18.85,0.001953125
755,18.875,0.00146484375
756,18.9,0.001953125
757,18.925,0.001953125
758,18.95,0.001953125
759,18.975,0.001708984375
760,19.0,0.001953125
761,19.025,0.001953125
762,19.05,0.001953125
763,19.075,0.001708984375
764,19.1,0.002197265625
765,19.125,0.001708984375
766,19.15,0.002197265625
767,19.175,0.001953125
768,19.2,0.001953125
769,19.225,0.002197265625
770,19.25,0.001953125
771,19.275,0.002197265625
772,19.3,0.001953125
773,19.325,0.001953125
774,19.35,0.002197265625
775,19.375,0.001953125
776,19.4,0.001953125
777,19.425,0.001953125
778,19.45,0.002197265625
779,19.475,0.001953125
780,19.5,0.001953125
781,19.525,0.001953125
782,19.55,0.001708984375
783,19.575,0.001953125
784,19.6,0.001953125
785,19.625,0.001953125
786,19.65,0.001953125
787,19.675,0.001953125
788,19.7,0.001953125
789,19.725,0.002197265625
790,19.75,0.001953125
791,19.775,0.001708984375
792,19.8,0.001953125
793,19.825,0.001953125
794,19.85,0.002197265625
795,19.875,0.001953125
796,19.9,0.001708984375
797,19.925,0.001953125
798,19.95,0.001953125
799,19.975,0.001708984375
800,20.0,0.001953125
801,20.025,0.001953125
802,20.05,0.001953125
803,20.075,0.001708984375
804,20.1,0.001953125
805,20.125,0.001708984375
806,20.15,0.001708984375
807,20.175,0.001953125
808,20.2,0.001708984375
809,20.225,0.001953125
810,20.25,0.001953125
811,20.275,0.001708984375
812,20.3,0.001708984375
813,20.325,0.001953125
814,20.35,0.001953125
815,20.375,0.001953125
816,20.4,0.001953125
817,20.425,0.002197265625
818,20.45,0.001953125
819,20.475,0.001708984375
820,20.5,0.001708984375
821,20.525,0.001953125
822,20.55,0.001953125
823,20.575,0.001708984375
824,20.6,0.001708984375
825,20.625,0.00146484375
826,20.65,0.001708984375
827,20.675,0.001708984375
828,20.7,0.00146484375
829,20.725,0.001708984375
830,20.75,0.00146484375
831,20.775,0.00146484375
832,20.8,0.001708984375
833,20.825,0.001708984375
834,20.85,0.001953125
835,20.875,0.00146484375
836,20.9,0.00146484375
837,20.925,0.00146484375
838,20.95,0.001708984375
839,20.975,0.001708984375
840,21.0,0.001708984375
841,21.025,0.00146484375
842,21.05,0.00146484375
843,21.075,0.00146484375
844,21.1,0.001708984375
845,21.125,0.001708984375
846,21.15,0.001708984375
847,21.175,0.001708984375
848,21.2,0.001708984375
849,21.225,0.001708984375
850,21.25,0.00146484375
851,21.275,0.001708984375
852,21.3,0.001708984375
853,21.325,0.00146484375
854,21.35,0.001708984375
855,21.375,0.00146484375
856,21.4,0.001953125
857,21.425,0.001708984375
858,21.45,0.001708984375
859,21.475,0.00146484375
860,21.5,0.00146484375
861,21.525,0.001708984375
862,21.55,0.001708984375
863,21.575,0.001708984375
864,21.6,0.001708984375
865,21.625,0.001708984375
866,21.65,0.00146484375
867,21.675,0.001708984375
868,21.7,0.001708984375
869,21.725,0.001708984375
870,21.75,0.00146484375
871,21.775,0.00146484375
872,21.8,0.001708984375
873,21.825,0.001708984375
874,21.85,0.00146484375
875,21.875,0.001708984375
876,21.9,0.001708984375
877,21.925,0.001708984375
878,21.95,0.00146484375
879,21.975,0.001708984375
880,22.0,0.00146484375
881,22.025,0.001708984375
882,22.05,0.00146484375
883,22.075,0.00146484375
884,22.1,0.001953125
885,22.125,0.001953125
886,22.15,0.001953125
887,22.175,0.001708984375
888,22.2,0.00146484375
889,22.225,0.00146484375
890,22.25,0.00146484375
891,22.275,0.001708984375
892,22.3,0.001708984375
893,22.325,0.001708984375
894,22.35,0.001708984375
895,22.375,0.00146484375
896,22.4,0.001708984375
897,22.425,0.001708984375
898,22.45,0.00146484375
899,22.475,0.001708984375
900,22.5,0.001708984375
901,22.525,0.001708984375
902,22.55,0.001708984375
903,22.575,0.00146484375
904,22.6,0.001708984375
905,22.625,0.001708984375
906,22.65,0.001708984375
907,22.675,0.001708984375
908,22.7,0.00146484375
909,22.725,0.00146484375
910,22.75,0.00146484375
911,22.775,0.00146484375
912,22.8,0.001708984375
913,22.825,0.001708984375
914,22.85,0.001708984375
915,22.875,0.00146484375
916,22.9,0.001708984375
917,22.925,0.001708984375
918,22.95,0.001708984375
919,22.975,0.001708984375
920,23.0,0.001708984375
921,23.025,0.00146484375
922,23.05,0.001708984375
923,23.075,0.001708984375
924,23.1,0.001953125
925,23.125,0.001708984375
926,23.15,0.001708984375
927,23.175,0.001953125
928,23.2,0.001708984375
929,23.225,0.001953125
930,23.25,0.001953125
931,23.275,0.001953125
932,23.3,0.001953125
933,23.325,0.001953125
934,23.35,0.001708984375
935,23.375,0.001708984375
936,23.4,0.001708984375
937,23.425,0.001708984375
938,23.45,0.001953125
939,23.475,0.001953125
940,23.5,0.001953125
941,23.525,0.001953125
942,23.55,0.001953125
943,23.575,0.001708984375
944,23.6,0.001953125
945,23.625,0.001953125
946,23.65,0.001953125
947,23.675,0.001953125
948,23.7,0.001708984375
949,23.725,0.001708984375
950,23.75,0.00146484375
951,23.775,0.002197265625
952,23.8,0.002197265625
953,23.825,0.001953125
954,23.85,0.001953125
955,23.875,0.001708984375
956,23.9,0.001953125
957,23.925,0.002197265625
958,23.95,0.002197265625
959,23.975,0.001953125
960,24.0,0.001953125
961,24.025,0.001953125
962,24.05,0.001708984375
963,24.075,0.001953125
964,24.1,0.001953125
965,24.125,0.001953125
966,24.15,0.002197265625
967,24.175,0.001708984375
968,24.2,0.001708984375
969,24.225,0.001708984375
970,24.25,0.001708984375
971,24.275,0.001708984375
972,24.3,0.001708984375
973,24.325,0.001708984375
974,24.35,0.001953125
975,24.375,0.001953125
976,24.4,0.001953125
977,24.425,0.001708984375
978,24.45,0.001708984375
979,24.475,0.001708984375
980,24.5,0.001953125
981,24.525,0.001953125
982,24.55,0.001708984375
983,24.575,0.001953125
984,24.6,0.001708984375
985,24.625,0.001953125
986,24.65,0.001953125
987,24.675,0.001953125
988,24.7,0.001953125
989,24.725,0.001953125
990,24.75,0.001708984375
991,24.775,0.001953125
992,24.8,0.00146484375
993,24.825,0.001708984375
994,24.85,0.001708984375
995,24.875,0.001953125
996,24.9,0.001708984375
997,24.925,0.001708984375
998,24.95,0.001708984375
999,24.975,0.001953125
1000,25.0,0.001708984375
1001,25.025,0.001953125
1002,25.05,0.001708984375
1003,25.075,0.001953125
1004,25.1,0.001708984375
1005,25.125,0.001708984375
1006,25.15,0.001708984375
1007,25.175,0.001708984375
1008,25.2,0.00146484375
1009,25.225,0.001708984375
1010,25.25,0.00146484375
1011,25.275,0.001708984375
1012,25.3,0.001708984375
1013,25.325,0.001708984375
1014,25.35,0.001708984375
1015,25.375,0.00146484375
1016,25.4,0.001953125
1017,25.425,0.001220703125
1018,25.45,0.001708984375
1019,25.475,0.001708984375
1020,25.5,0.001953125
1021,25.525,0.001708984375
1022,25.55,0.001708984375
1023,25.575,0.001708984375
1024,25.6,0.001953125
1025,25.625,0.001708984375
1026,25.65,0.001708984375
1027,25.675,0.001708984375
1028,25.7,0.001708984375
1029,25.725,0.001708984375
1030,25.75,0.001708984375
1031,25.775,0.001708984375
1032,25.8,0.00146484375
1033,25.825,0.001708984375
1034,25.85,0.00146484375
1035,25.875,0.001708984375
1036,25.9,0.001708984375
1037,25.925,0.001708984375
1038,25.95,0.001708984375
1039,25.975,0.001708984375
1040,26.0,0.001220703125
1041,26.025,0.001708984375
1042,26.05,0.001708984375
1043,26.075,0.00146484375
1044,26.1,0.001708984375
1045,26.125,0.00146484375
1046,26.15,0.001708984375
1047,26.175,0.00146484375
1048,26.2,0.00146484375
1049,26.225,0.00146484375
1050,26.25,0.001708984375
1051,26.275,0.00146484375
1052,26.3,0.001708984375
1053,26.325,0.00146484375
1054,26.35,0.001708984375
1055,26.375,0.00146484375
1056,26.4,0.001708984375
1057,26.425,0.00146484375
1058,26.45,0.001708984375
1059,26.475,0.00146484375
1060,26.5,0.00146484375
1061,26.525,0.001953125
1062,26.55,0.001220703125
1063,26.575,0.00146484375
1064,26.6,0.00146484375
1065,26.625,0.001708984375
1066,26.65,0.001708984375
1067,26.675,0.001708984375
1068,26.7,0.001708984375
1069,26.725,0.001708984375
1070,26.75,0.001708984375
1071,26.775,0.001708984375
1072,26.8,0.001708984375
1073,26.825,0.001708984375
1074,26.85,0.00146484375
1075,26.875,0.00146484375
1076,26.9,0.001708984375
1077,26.925,0.001708984375
1078,26.95,0.001708984375
1079,26.975,0.001708984375
1080,27.0,0.001708984375
1081,27.025,0.001708984375
1082,27.05,0.001708984375
1083,27.075,0.001708984375
1084,27.1,0.001708984375
1085,27.125,0.001708984375
1086,27.15,0.001953125
1087,27.175,0.001708984375
1088,27.2,0.001953125
1089,27.225,0.001953125
1090,27.25,0.001953125
1091,27.275,0.002197265625
1092,27.3,0.001953125
1093,27.325,0.001953125
1094,27.35,0.001953125
1095,27.375,0.001953125
1096,27.4,0.002197265625
1097,27.425,0.001708984375
1098,27.45,0.001953125
1099,27.475,0.001708984375
1100,27.5,0.001953125
1101,27.525,0.001953125
1102,27.55,0.001953125
1103,27.575,0.001708984375
1104,27.6,0.001953125
1105,27.625,0.001953125
1106,27.65,0.001953125
1107,27.675,0.001953125
1108,27.7,0.001953125
1109,27.725,0.002197265625
1110,27.75,0.001953125
1111,27.775,0.001953125
1112,27.8,0.00146484375
1113,27.825,0.001953125
1114,27.85,0.001953125
1115,27.875,0.001953125
1116,27.9,0.001708984375
1117,27.925,0.001708984375
1118,27.95,0.001953125
1119,27.975,0.001953125
1120,28.0,0.001708984375
1121,28.025,0.002197265625
1122,28.05,0.001708984375
1123,28.075,0.002197265625
1124,28.1,0.002197265625
1125,28.125,0.002197265625
1126,28.15,0.001953125
1127,28.175,0.001953125
1128,28.2,0.001953125
1129,28.225,0.001708984375
1130,28.25,0.001708984375
1131,28.275,0.001953125
1132,28.3,0.002197265625
1133,28.325,0.001953125
1134,28.35,0.001953125
1135,28.375,0.001708984375
1136,28.4,0.002197265625
1137,28.425,0.001953125
1138,28.45,0.002197265625
1139,28.475,0.002197265625
1140,28.5,0.001953125
1141,28.525,0.001708984375
1142,28.55,0.001953125
1143,28.575,0.001953125
1144,28.6,0.001953125
1145,28.625,0.001953125
1146,28.65,0.001953125
1147,28.675,0.001953125
1148,28.7,0.001953125
1149,28.725,0.001953125
1150,28.75,0.001953125
1151,28.775,0.002197265625
1152,28.8,0.001708984375
1153,28.825,0.001708984375
1154,28.85,0.001953125
1155,28.875,0.001953125
1156,28.9,0.001953125
1157,28.925,0.001953125
1158,28.95,0.00146484375
1159,28.975,0.001708984375
1160,29.0,0.001953125
1161,29.025,0.001708984375
1162,29.05,0.001708984375
1163,29.075,0.001953125
1164,29.1,0.001953125
1165,29.125,0.001953125
1166,29.15,0.001953125
1167,29.175,0.001953125
1168,29.2,0.001708984375
1169,29.225,0.001953125
1170,29.25,0.001953125
1171,29.275,0.001953125
1172,29.3,0.001708984375
1173,29.325,0.001708984375
1174,29.35,0.001953125
1175,29.375,0.001708984375
1176,29.4,0.001708984375
1177,29.425,0.001953125
1178,29.45,0.001708984375
1179,29.475,0.001708984375
1180,29.5,0.001953125
1181,29.525,0.001953125
1182,29.55,0.002197265625
1183,29.575,0.001953125
1184,29.6,0.001953125
1185,29.625,0.001708984375
1186,29.65,0.001708984375
1187,29.675,0.001953125
1188,29.7,0.001708984375
1189,29.725,0.001708984375
1190,29.75,0.001708984375
1191,29.775,0.001708984375
1192,29.8,0.001708984375
1193,29.825,0.001953125
1194,29.85,0.001708984375
1195,29.875,0.00146484375
1196,29.9,0.001708984375
1197,29.925,0.001708984375
1198,29.95,0.001708984375
1199,29.975,0.001708984375
1200,30.0,0.001708984375
1201,30.025,0.001708984375
1202,30.05,0.00146484375
1203,30.075,0.001708984375
1204,30.1,0.00146484375
1205,30.125,0.00146484375
1206,30.15,0.00146484375
1207,30.175,0.001708984375
1208,30.2,0.00146484375
1209,30.225,0.00146484375
1210,30.25,0.00146484375
1211,30.275,0.00146484375
1212,30.3,0.001708984375
1213,30.325,0.00146484375
1214,30.35,0.001708984375
1215,30.375,0.001708984375
1216,30.4,0.001708984375
1217,30.425,0.00146484375
1218,30.45,0.00146484375
1219,30.475,0.001708984375
1220,30.5,0.001708984375
1221,30.525,0.001708984375
1222,30.55,0.00146484375
1223,30.575,0.00146484375
1224,30.6,0.00146484375
1225,30.625,0.001708984375
1226,30.65,0.00146484375
1227,30.675,0.00146484375
1228,30.7,0.001708984375
1229,30.725,0.001708984375
1230,30.75,0.001708984375
1231,30.775,0.001708984375
1232,30.8,0.00146484375
1233,30.825,0.001708984375
1234,30.85,0.00146484375
1235,30.875,0.00146484375
1236,30.9,0.001708984375
1237,30.925,0.001708984375
1238,30.95,0.00146484375
1239,30.975,0.001708984375
1240,31.0,0.00146484375
1241,31.025,0.00146484375
1242,31.05,0.00146484375
1243,31.075,0.00146484375
1244,31.1,0.001708984375
1245,31.125,0.001708984375
1246,31.15,0.00146484375
1247,31.175,0.001708984375
1248,31.2,0.001708984375
1249,31.225,0.001708984375
1250,31.25,0.00146484375
1251,31.275,0.00146484375
1252,31.3,0.001708984375
1253,31.325,0.001953125
1254,31.35,0.001953125
1255,31.375,0.001708984375
1256,31.4,0.001953125
1257,31.425,0.001708984375
1258,31.45,0.001708984375
1259,31.475,0.001953125
1260,31.5,0.001708984375
1261,31.525,0.001708984375
1262,31.55,0.001708984375
1263,31.575,0.001708984375
1264,31.6,0.001708984375
1265,31.625,0.001953125
1266,31.65,0.001953125
1267,31.675,0.001708984375
1268,31.7,0.001708984375
1269,31.725,0.001708984375
1270,31.75,0.001953125
1271,31.775,0.001953125
1272,31.8,0.001953125
1273,31.825,0.001953125
1274,31.85,0.001953125
1275,31.875,0.001708984375
1276,31.9,0.001953125
1277,31.925,0.001953125
1278,31.95,0.001708984375
1279,31.975,0.001953125
1280,32.0,0.001708984375
1281,32.025,0.001708984375
1282,32.05,0.001708984375
1283,32.075,0.001953125
1284,32.1,0.001953125
1285,32.125,0.001953125
1286,32.15,0.001708984375
1287,32.175,0.001953125
1288,32.2,0.001708984375
1289,32.225,0.001953125
1290,32.25,0.001708984375
1291,32.275,0.001953125
1292,32.3,0.001953125
1293,32.325,0.002197265625
1294,32.35,0.002197265625
1295,32.375,0.001953125
1296,32.4,0.001953125
1297,32.425,0.001953125
1298,32.45,0.001953125
1299,32.475,0.002197265625
1300,32.5,0.001708984375
1301,32.525,0.002197265625
1302,32.55,0.001953125
1303,32.575,0.001708984375
1304,32.6,0.001953125
1305,32.625,0.001953125
1306,32.65,0.001708984375
1307,32.675,0.001953125
1308,32.7,0.001953125
1309,32.725,0.001708984375
1310,32.75,0.001708984375
1311,32.775,0.001953125
1312,32.8,0.001708984375
1313,32.825,0.001953125
1314,32.85,0.001953125
1315,32.875,0.001708984375
1316,32.9,0.001708984375
1317,32.925,0.001953125
1318,32.95,0.001708984375
1319,32.975,0.001708984375
1320,33.0,0.00146484375
1321,33.025,0.001953125
1322,33.05,0.00146484375
1323,33.075,0.001708984375
1324,33.1,0.001953125
1325,33.125,0.001708984375
1326,33.15,0.001708984375
1327,33.175,0.001708984375
1328,33.2,0.001708984375
1329,33.225,0.001708984375
1330,33.25,0.00146484375
1331,33.275,0.001708984375
1332,33.3,0.001708984375
1333,33.325,0.001708984375
1334,33.35,0.001708984375
1335,33.375,0.00146484375
1336,33.4,0.001708984375
1337,33.425,0.00146484375
1338,33.45,0.001708984375
1339,33.475,0.001708984375
1340,33.5,0.001708984375
1341,33.525,0.001708984375
1342,33.55,0.001708984375
1343,33.575,0.001953125
1344,33.6,0.00146484375
1345,33.625,0.001708984375
1346,33.65,0.001708984375
1347,33.675,0.00146484375
1348,33.7,0.001708984375
1349,33.725,0.001708984375
1350,33.75,0.001708984375
1351,33.775,0.00146484375
1352,33.8,0.001708984375
1353,33.825,0.001708984375
1354,33.85,0.00146484375
1355,33.875,0.001953125
1356,33.9,0.001708984375
1357,33.925,0.001708984375
1358,33.95,0.001708984375
1359,33.975,0.001708984375
1360,34.0,0.00146484375
1361,34.025,0.00146484375
1362,34.05,0.001708984375
1363,34.075,0.00146484375
1364,34.1,0.001708984375
1365,34.125,0.00146484375
1366,34.15,0.001708984375
1367,34.175,0.001953125
1368,34.2,0.00146484375
1369,34.225,0.001708984375
1370,34.25,0.00146484375
1371,34.275,0.00146484375
1372,34.3,0.001708984375
1373,34.325,0.00146484375
1374,34.35,0.001708984375
1375,34.375,0.00146484375
1376,34.4,0.001708984375
1377,34.425,0.00146484375
1378,34.45,0.001708984375
1379,34.475,0.001708984375
1380,34.5,0.00146484375
1381,34.525,0.001708984375
1382,34.55,0.001708984375
1383,34.575,0.00146484375
1384,34.6,0.00146484375
1385,34.625,0.001953125
1386,34.65,0.001708984375
1387,34.675,0.001708984375
1388,34.7,0.001708984375
1389,34.725,0.001708984375
1390,34.75,0.001708984375
1391,34.775,0.001708984375
1392,34.8,0.00146484375
1393,34.825,0.001708984375
1394,34.85,0.001708984375
1395,34.875,0.00146484375
1396,34.9,0.001708984375
1397,34.925,0.001708984375
1398,34.95,0.001708984375
1399,34.975,0.001708984375
1400,35.0,0.001953125
1401,35.025,0.001708984375
1402,35.05,0.001708984375
1403,35.075,0.00146484375
1404,35.1,0.00146484375
1405,35.125,0.001708984375
1406,35.15,0.001708984375
1407,35.175,0.001708984375
1408,35.2,0.001708984375
1409,35.225,0.00146484375
1410,35.25,0.001220703125
1411,35.275,0.00146484375
1412,35.3,0.001953125
1413,35.325,0.001708984375
1414,35.35,0.001708984375
1415,35.375,0.001708984375
1416,35.4,0.001708984375
1417,35.425,0.001708984375
1418,35.45,0.001708984375
1419,35.475,0.001708984375
1420,35.5,0.00146484375
1421,35.525,0.001708984375
1422,35.55,0.001708984375
1423,35.575,0.001953125
1424,35.6,0.001708984375
1425,35.625,0.001953125
1426,35.65,0.001953125
1427,35.675,0.001708984375
1428,35.7,0.001708984375
1429,35.725,0.002197265625
1430,35.75,0.001708984375
1431,35.775,0.001953125
1432,35.8,0.001708984375
1433,35.825,0.00146484375
1434,35.85,0.001708984375
1435,35.875,0.001708984375
1436,35.9,0.001953125
1437,35.925,0.001708984375
1438,35.95,0.001953125
1439,35.975,0.001708984375
1440,36.0,0.001953125
1441,36.025,0.001953125
1442,36.05,0.001708984375
1443,36.075,0.00146484375
1444,36.1,0.001953125
1445,36.125,0.001708984375
1446,36.15,0.002197265625
1447,36.175,0.001953125
1448,36.2,0.001708984375
1449,36.225,0.001708984375
1450,36.25,0.001953125
1451,36.275,0.001953125
1452,36.3,0.001708984375
1453,36.325,0.001953125
1454,36.35,0.001708984375
1455,36.375,0.001708984375
1456,36.4,0.001708984375
1457,36.425,0.001953125
1458,36.45,0.002197265625
1459,36.475,0.001953125
1460,36.5,0.00244140625
1461,36.525,0.001953125
1462,36.55,0.001953125
1463,36.575,0.002197265625
1464,36.6,0.002197265625
1465,36.625,0.001953125
1466,36.65,0.002197265625
1467,36.675,0.001953125
1468,36.7,0.001953125
1469,36.725,0.002197265625
1470,36.75,0.002197265625
1471,36.775,0.002197265625
1472,36.8,0.001953125
1473,36.825,0.001953125
1474,36.85,0.001708984375
1475,36.875,0.001708984375
1476,36.9,0.002197265625
1477,36.925,0.001953125
1478,36.95,0.001953125
1479,36.975,0.002197265625
1480,37.0,0.001953125
1481,37.025,0.001953125
1482,37.05,0.002197265625
1483,37.075,0.001708984375
1484,37.1,0.001708984375
1485,37.125,0.001953125
1486,37.15,0.001953125
1487,37.175,0.001953125
1488,37.2,0.001953125
1489,37.225,0.001708984375
1490,37.25,0.001708984375
1491,37.275,0.001708984375
1492,37.3,0.001953125
1493,37.325,0.001953125
1494,37.35,0.001953125
1495,37.375,0.001708984375
1496,37.4,0.001708984375
1497,37.425,0.001708984375
1498,37.45,0.00146484375
1499,37.475,0.001708984375
1500,37.5,0.001708984375
1501,37.525,0.001708984375
1502,37.55,0.00146484375
1503,37.575,0.001953125
1504,37.6,0.001953125
1505,37.625,0.00146484375
1506,37.65,0.00146484375
1507,37.675,0.001953125
1508,37.7,0.001220703125
1509,37.725,0.00146484375
1510,37.75,0.001708984375
1511,37.775,0.00146484375
1512,37.8,0.00146484375
1513,37.825,0.001953125
1514,37.85,0.001708984375
1515,37.875,0.001708984375
1516,37.9,0.001708984375
1517,37.925,0.001708984375
1518,37.95,0.001953125
1519,37.975,0.001953125
1520,38.0,0.001708984375
1521,38.025,0.001708984375
1522,38.05,0.00146484375
1523,38.075,0.00146484375
1524,38.1,0.001708984375
1525,38.125,0.00146484375
1526,38.15,0.001708984375
1527,38.175,0.001953125
1528,38.2,0.001708984375
1529,38.225,0.00146484375
1530,38.25,0.001708984375
1531,38.275,0.00146484375
1532,38.3,0.00146484375
1533,38.325,0.00146484375
1534,38.35,0.00146484375
1535,38.375,0.001708984375
1536,38.4,0.001708984375
1537,38.425,0.00146484375
1538,38.45,0.001708984375
1539,38.475,0.00146484375
1540,38.5,0.001708984375
1541,38.525,0.001708984375
1542,38.55,0.001708984375
1543,38.575,0.001708984375
1544,38.6,0.001708984375
1545,38.625,0.00146484375
1546,38.65,0.00146484375
1547,38.675,0.00146484375
1548,38.7,0.00146484375
1549,38.725,0.00146484375
1550,38.75,0.001708984375
1551,38.775,0.001708984375
1552,38.8,0.001708984375
1553,38.825,0.00146484375
1554,38.85,0.001708984375
1555,38.875,0.00146484375
1556,38.9,0.001708984375
1557,38.925,0.001953125
1558,38.95,0.001708984375
1559,38.975,0.001708984375
1560,39.0,0.001708984375
1561,39.025,0.00146484375
1562,39.05,0.00146484375
1563,39.075,0.001708984375
1564,39.1,0.00146484375
1565,39.125,0.00146484375
1566,39.15,0.001708984375
1567,39.175,0.00146484375
1568,39.2,0.001708984375
1569,39.225,0.001708984375
1570,39.25,0.001708984375
1571,39.275,0.001220703125
1572,39.3,0.001708984375
1573,39.325,0.00146484375
1574,39.35,0.001708984375
1575,39.375,0.001708984375
1576,39.4,0.001708984375
1577,39.425,0.00146484375
1578,39.45,0.001708984375
1579,39.475,0.00146484375
1580,39.5,0.00146484375
1581,39.525,0.00146484375
1582,39.55,0.00146484375
1583,39.575,0.001708984375
1584,39.6,0.00146484375
1585,39.625,0.001953125
1586,39.65,0.001953125
1587,39.675,0.001708984375
1588,39.7,0.001708984375
1589,39.725,0.001953125
1590,39.75,0.00146484375
1591,39.775,0.001708984375
1592,39.8,0.001953125
1593,39.825,0.001708984375
1594,39.85,0.001953125
1595,39.875,0.001708984375
1596,39.9,0.001708984375
1597,39.925,0.001708984375
1598,39.95,0.001953125
1599,39.975,0.001708984375
1600,40.0,0.002197265625
1601,40.025,0.001953125
1602,40.05,0.001953125
1603,40.075,0.001953125
1604,40.1,0.001953125
1605,40.125,0.002197265625
1606,40.15,0.001708984375
1607,40.175,0.001708984375
1608,40.2,0.001953125
1609,40.225,0.001953125
1610,40.25,0.001953125
1611,40.275,0.001953125
1612,40.3,0.001708984375
1613,40.325,0.002197265625
1614,40.35,0.001708984375
1615,40.375,0.001953125
1616,40.4,0.001953125
1617,40.425,0.001953125
1618,40.45,0.001708984375
1619,40.475,0.001953125
1620,40.5,0.001953125
1621,40.525,0.001708984375
1622,40.55,0.001953125
1623,40.575,0.001953125
1624,40.6,0.001953125
1625,40.625,0.001953125
1626,40.65,0.001708984375
1627,40.675,0.001953125
1628,40.7,0.001953125
1629,40.725,0.001953125
1630,40.75,0.001953125
1631,40.775,0.001953125
1632,40.8,0.001953125
1633,40.825,0.001953125
1634,40.85,0.001953125
1635,40.875,0.001953125
1636,40.9,0.001953125
1637,40.925,0.001953125
1638,40.95,0.001953125
1639,40.975,0.002197265625
1640,41.0,0.001953125
1641,41.025,0.001953125
1642,41.05,0.001953125
1643,41.075,0.001953125
1644,41.1,0.001953125
1645,41.125,0.001953125
1646,41.15,0.001953125
1647,41.175,0.001953125
1648,41.2,0.001953125
1649,41.225,0.002197265625
1650,41.25,0.001708984375
1651,41.275,0.001953125
1652,41.3,0.001953125
1653,41.325,0.001953125
1654,41.35,0.001953125
1655,41.375,0.001953125
1656,41.4,0.001708984375
1657,41.425,0.001708984375
1658,41.45,0.001708984375
1659,41.475,0.001953125
1660,41.5,0.001708984375
1661,41.525,0.001953125
1662,41.55,0.001953125
1663,41.575,0.00146484375
1664,41.6,0.001708984375
1665,41.625,0.001708984375
1666,41.65,0.001708984375
1667,41.675,0.001708984375
1668,41.7,0.001708984375
1669,41.725,0.001708984375
1670,41.75,0.001708984375
1671,41.775,0.001708984375
1672,41.8,0.001708984375
1673,41.825,0.001953125
1674,41.85,0.001953125
1675,41.875,0.00146484375
1676,41.9,0.001708984375
1677,41.925,0.001708984375
1678,41.95,0.001953125
1679,41.975,0.001708984375
1680,42.0,0.001708984375
1681,42.025,0.001708984375
1682,42.05,0.00146484375
1683,42.075,0.002197265625
1684,42.1,0.00146484375
1685,42.125,0.001708984375
1686,42.15,0.00146484375
1687,42.175,0.001708984375
1688,42.2,0.001708984375
1689,42.225,0.001708984375
1690,42.25,0.001953125
1691,42.275,0.00146484375
1692,42.3,0.001708984375
1693,42.325,0.001708984375
1694,42.35,0.001708984375
1695,42.375,0.001708984375
1696,42.4,0.001220703125
1697,42.425,0.001708984375
1698,42.45,0.001708984375
1699,42.475,0.001708984375
1700,42.5,0.001708984375
1701,42.525,0.001708984375
1702,42.55,0.001708984375
1703,42.575,0.001708984375
1704,42.6,0.001708984375
1705,42.625,0.001708984375
1706,42.65,0.001708984375
1707,42.675,0.001708984375
1708,42.7,0.001708984375
1709,42.725,0.00146484375
1710,42.75,0.001708984375
1711,42.775,0.00146484375
1712,42.8,0.001708984375
1713,42.825,0.001708984375
1714,42.85,0.00146484375
1715,42.875,0.00146484375
1716,42.9,0.001708984375
1717,42.925,0.001708984375
1718,42.95,0.001708984375
1719,42.975,0.00146484375
1720,43.0,0.001708984375
1721,43.025,0.00146484375
1722,43.05,0.001708984375
1723,43.075,0.001708984375
1724,43.1,0.00146484375
1725,43.125,0.001708984375
1726,43.15,0.00146484375
1727,43.175,0.001708984375
1728,43.2,0.001708984375
1729,43.225,0.00146484375
1730,43.25,0.001708984375
1731,43.275,0.00146484375
1732,43.3,0.001708984375
1733,43.325,0.001708984375
1734,43.35,0.001708984375
1735,43.375,0.001953125
1736,43.4,0.001708984375
1737,43.425,0.001708984375
1738,43.45,0.001708984375
1739,43.475,0.00146484375
1740,43.5,0.001708984375
1741,43.525,0.001708984375
1742,43.55,0.001708984375
1743,43.575,0.001708984375
1744,43.6,0.001708984375
1745,43.625,0.00146484375
1746,43.65,0.001708984375
1747,43.675,0.001708984375
1748,43.7,0.001708984375
1749,43.725,0.001708984375
1750,43.75,0.001708984375
1751,43.775,0.001953125
1752,43.8,0.001953125
1753,43.825,0.001708984375
1754,43.85,0.001953125
1755,43.875,0.001953125
1756,43.9,0.001953125
1757,43.925,0.001953125
1758,43.95,0.001953125
1759,43.975,0.001953125
1760,44.0,0.001708984375
1761,44.025,0.001953125
1762,44.05,0.001708984375
1763,44.075,0.001708984375
1764,44.1,0.001708984375
1765,44.125,0.001708984375
1766,44.15,0.001708984375
1767,44.175,0.001953125
1768,44.2,0.001953125
1769,44.225,0.001708984375
1770,44.25,0.001953125
1771,44.275,0.001953125
1772,44.3,0.001953125
1773,44.325,0.001708984375
1774,44.35,0.001708984375
1775,44.375,0.001708984375
1776,44.4,0.001953125
1777,44.425,0.001953125
1778,44.45,0.001708984375
1779,44.475,0.001953125
1780,44.5,0.001953125
1781,44.525,0.00146484375
1782,44.55,0.001953125
1783,44.575,0.001953125
1784,44.6,0.001953125
1785,44.625,0.002197265625
1786,44.65,0.001953125
1787,44.675,0.001708984375
1788,44.7,0.001708984375
1789,44.725,0.001953125
1790,44.75,0.002197265625
1791,44.775,0.001953125
1792,44.8,0.002197265625
1793,44.825,0.001953125
1794,44.85,0.001953125
1795,44.875,0.001953125
1796,44.9,0.001708984375
1797,44.925,0.001708984375
1798,44.95,0.001953125
1799,44.975,0.002197265625
1800,45.0,0.001953125
1801,45.025,0.002197265625
1802,45.05,0.001953125
1803,45.075,0.001953125
1804,45.1,0.001953125
1805,45.125,0.001953125
1806,45.15,0.001953125
1807,45.175,0.002197265625
1808,45.2,0.001953125
1809,45.225,0.002197265625
1810,45.25,0.001953125
1811,45.275,0.001953125
1812,45.3,0.001953125
1813,45.325,0.001953125
1814,45.35,0.001953125
1815,45.375,0.001953125
1816,45.4,0.001953125
1817,45.425,0.001953125
1818,45.45,0.001708984375
1819,45.475,0.001708984375
1820,45.5,0.001708984375
1821,45.525,0.001953125
1822,45.55,0.001708984375
1823,45.575,0.002197265625
1824,45.6,0.001708984375
1825,45.625,0.00146484375
1826,45.65,0.001708984375
1827,45.675,0.001953125
1828,45.7,0.001953125
1829,45.725,0.001708984375
1830,45.75,0.001953125
1831,45.775,0.001953125
1832,45.8,0.001953125
1833,45.825,0.001953125
1834,45.85,0.001953125
1835,45.875,0.001953125
1836,45.9,0.001708984375
1837,45.925,0.001953125
1838,45.95,0.001708984375
1839,45.975,0.001953125
1840,46.0,0.001708984375
1841,46.025,0.001708984375
1842,46.05,0.001708984375
1843,46.075,0.001708984375
1844,46.1,0.001953125
1845,46.125,0.001708984375
1846,46.15,0.00146484375
1847,46.175,0.001708984375
1848,46.2,0.001220703125
1849,46.225,0.00146484375
1850,46.25,0.001708984375
1851,46.275,0.00146484375
1852,46.3,0.001708984375
1853,46.325,0.001708984375
1854,46.35,0.001708984375
1855,46.375,0.00146484375
1856,46.4,0.001708984375
1857,46.425,0.001708984375
1858,46.45,0.001708984375
1859,46.475,0.00146484375
1860,46.5,0.001708984375
1861,46.525,0.00146484375
1862,46.55,0.001708984375
1863,46.575,0.00146484375
1864,46.6,0.00146484375
1865,46.625,0.00146484375
1866,46.65,0.00146484375
1867,46.675,0.001708984375
1868,46.7,0.001220703125
1869,46.725,0.00146484375
1870,46.75,0.001708984375
1871,46.775,0.001220703125
1872,46.8,0.001708984375
1873,46.825,0.001708984375
1874,46.85,0.00146484375
1875,46.875,0.00146484375
1876,46.9,0.00146484375
1877,46.925,0.001708984375
1878,46.95,0.00146484375
1879,46.975,0.00146484375
1880,47.0,0.001708984375
1881,47.025,0.00146484375
1882,47.05,0.00146484375
1883,47.075,0.00146484375
1884,47.1,0.001708984375
1885,47.125,0.00146484375
1886,47.15,0.00146484375
1887,47.175,0.001708984375
1888,47.2,0.001708984375
1889,47.225,0.00146484375
1890,47.25,0.00146484375
1891,47.275,0.001708984375
1892,47.3,0.001708984375
1893,47.325,0.00146484375
1894,47.35,0.001220703125
1895,47.375,0.00146484375
1896,47.4,0.001708984375
1897,47.425,0.001708984375
1898,47.45,0.00146484375
1899,47.475,0.00146484375
1900,47.5,0.00146484375
1901,47.525,0.00146484375
1902,47.55,0.00146484375
1903,47.575,0.00146484375
1904,47.6,0.001708984375
1905,47.625,0.001708984375
1906,47.65,0.001708984375
1907,47.675,0.00146484375
1908,47.7,0.001708984375
1909,47.725,0.001708984375
1910,47.75,0.00146484375
1911,47.775,0.001708984375
1912,47.8,0.001708984375
1913,47.825,0.001708984375
1914,47.85,0.00146484375
1915,47.875,0.001708984375
1916,47.9,0.001708984375
1917,47.925,0.001708984375
1918,47.95,0.001708984375
1919,47.975,0.00146484375
1920,48.0,0.001708984375
1921,48.025,0.001708984375
1922,48.05,0.001708984375
1923,48.075,0.001953125
1924,48.1,0.001708984375
1925,48.125,0.001708984375
1926,48.15,0.001708984375
1927,48.175,0.001708984375
1928,48.2,0.001708984375
1929,48.225,0.001708984375
1930,48.25,0.001708984375
1931,48.275,0.00146484375
1932,48.3,0.001953125
1933,48.325,0.00146484375
1934,48.35,0.001708984375
1935,48.375,0.001708984375
1936,48.4,0.001708984375
1937,48.425,0.001708984375
1938,48.45,0.001708984375
1939,48.475,0.001708984375
1940,48.5,0.00146484375
1941,48.525,0.001953125
1942,48.55,0.001708984375
1943,48.575,0.00146484375
1944,48.6,0.001953125
1945,48.625,0.001953125
1946,48.65,0.001953125
1947,48.675,0.001708984375
1948,48.7,0.001708984375
1949,48.725,0.001708984375
1950,48.75,0.001708984375
1951,48.775,0.001708984375
1952,48.8,0.001708984375
1953,48.825,0.001953125
1954,48.85,0.001953125
1955,48.875,0.001708984375
1956,48.9,0.001708984375
1957,48.925,0.001953125
1958,48.95,0.001953125
1959,48.975,0.001953125
1960,49.0,0.001708984375
1961,49.025,0.001953125
1962,49.05,0.001953125
1963,49.075,0.001953125
1964,49.1,0.001953125
1965,49.125,0.001953125
1966,49.15,0.001708984375
1967,49.175,0.001953125
1968,49.2,0.001953125
1969,49.225,0.001953125
1970,49.25,0.001953125
1971,49.275,0.001953125
1972,49.3,0.001953125
1973,49.325,0.001708984375
1974,49.35,0.001708984375
1975,49.375,0.001708984375
1976,49.4,0.001953125
1977,49.425,0.001708984375
1978,49.45,0.001708984375
1979,49.475,0.001708984375
1980,49.5,0.001953125
1981,49.525,0.001708984375
1982,49.55,0.001708984375
1983,49.575,0.001708984375
1984,49.6,0.001953125
1985,49.625,0.001953125
1986,49.65,0.001953125
1987,49.675,0.001953125
1988,49.7,0.002197265625
1989,49.725,0.001953125
1990,49.75,0.001953125
1991,49.775,0.001953125
1992,49.8,0.001953125
1993,49.825,0.001708984375
1994,49.85,0.00146484375
1995,49.875,0.001953125
1996,49.9,0.001953125
1997,49.925,0.001953125
1998,49.95,0.001953125
1999,49.975,0.001953125
2000,50.0,0.001953125
2001,50.025,0.001953125
2002,50.05,0.001953125
2003,50.075,0.001708984375
2004,50.1,0.001708984375
2005,50.125,0.001708984375
2006,50.15,0.001953125
2007,50.175,0.001953125
2008,50.2,0.001708984375
2009,50.225,0.001708984375
2010,50.25,0.001708984375
2011,50.275,0.002197265625
2012,50.3,0.00146484375
2013,50.325,0.001953125
2014,50.35,0.001708984375
2015,50.375,0.00146484375
2016,50.4,0.001708984375
2017,50.425,0.001708984375
2018,50.45,0.00146484375
2019,50.475,0.001708984375
2020,50.5,0.001708984375
2021,50.525,0.00146484375
2022,50.55,0.001953125
2023,50.575,0.00146484375
2024,50.6,0.00146484375
2025,50.625,0.00146484375
2026,50.65,0.001708984375
2027,50.675,0.00146484375
2028,50.7,0.001708984375
2029,50.725,0.001708984375
2030,50.75,0.001708984375
2031,50.775,0.001708984375
2032,50.8,0.001708984375
2033,50.825,0.001708984375
2034,50.85,0.001220703125
2035,50.875,0.00146484375
2036,50.9,0.001708984375
2037,50.925,0.001708984375
2038,50.95,0.001708984375
2039,50.975,0.001708984375
2040,51.0,0.00146484375
2041,51.025,0.00146484375
2042,51.05,0.001708984375
2043,51.075,0.00146484375
2044,51.1,0.00146484375
2045,51.125,0.001708984375
2046,51.15,0.001708984375
2047,51.175,0.001708984375
2048,51.2,0.001708984375
2049,51.225,0.001708984375
2050,51.25,0.00146484375
2051,51.275,0.001708984375
2052,51.3,0.001953125
2053,51.325,0.001708984375
2054,51.35,0.00146484375
2055,51.375,0.00146484375
2056,51.4,0.001708984375
2057,51.425,0.00146484375
2058,51.45,0.00146484375
2059,51.475,0.001220703125
2060,51.5,0.00146484375
2061,51.525,0.00146484375
2062,51.55,0.00146484375
2063,51.575,0.001220703125
2064,51.6,0.00146484375
2065,51.625,0.00146484375
2066,51.65,0.001708984375
2067,51.675,0.001708984375
2068,51.7,0.00146484375
2069,51.725,0.001708984375
2070,51.75,0.00146484375
2071,51.775,0.00146484375
2072,51.8,0.001708984375
2073,51.825,0.00146484375
2074,51.85,0.00146484375
2075,51.875,0.00146484375
2076,51.9,0.00146484375
2077,51.925,0.00146484375
2078,51.95,0.001708984375
2079,51.975,0.00146484375
2080,52.0,0.00146484375
2081,52.025,0.00146484375
2082,52.05,0.00146484375
2083,52.075,0.001953125
2084,52.1,0.00146484375
2085,52.125,0.00146484375
2086,52.15,0.001708984375
2087,52.175,0.001708984375
2088,52.2,0.001708984375
2089,52.225,0.00146484375
2090,52.25,0.00146484375
2091,52.275,0.00146484375
2092,52.3,0.001708984375
2093,52.325,0.00146484375
2094,52.35,0.00146484375
2095,52.375,0.00146484375
2096,52.4,0.001708984375
2097,52.425,0.001708984375
2098,52.45,0.001708984375
2099,52.475,0.001953125
2100,52.5,0.001708984375
2101,52.525,0.00146484375
2102,52.55,0.001708984375
2103,52.575,0.001708984375
2104,52.6,0.001953125
2105,52.625,0.00146484375
2106,52.65,0.001708984375
2107,52.675,0.001953125
2108,52.7,0.001953125
2109,52.725,0.002197265625
2110,52.75,0.001708984375
2111,52.775,0.001708984375
2112,52.8,0.001708984375
2113,52.825,0.001953125
2114,52.85,0.001953125
2115,52.875,0.001953125
2116,52.9,0.00146484375
2117,52.925,0.002197265625
2118,52.95,0.002197265625
2119,52.975,0.001953125
2120,53.0,0.001953125
2121,53.025,0.001708984375
2122,53.05,0.001708984375
2123,53.075,0.001953125
2124,53.1,0.001953125
2125,53.125,0.002197265625
2126,53.15,0.001953125
2127,53.175,0.00146484375
2128,53.2,0.00146484375
2129,53.225,0.001708984375
2130,53.25,0.002197265625
2131,53.275,0.001708984375
2132,53.3,0.001953125
2133,53.325,0.002197265625
2134,53.35,0.001953125
2135,53.375,0.001708984375
2136,53.4,0.001708984375
2137,53.425,0.002197265625
2138,53.45,0.001708984375
2139,53.475,0.001953125
2140,53.5,0.001708984375
2141,53.525,0.001953125
2142,53.55,0.001953125
2143,53.575,0.001953125
2144,53.6,0.001953125
2145,53.625,0.001953125
2146,53.65,0.001708984375
2147,53.675,0.001953125
2148,53.7,0.001953125
2149,53.725,0.001953125
2150,53.75,0.001953125
2151,53.775,0.002197265625
2152,53.8,0.001953125
2153,53.825,0.001708984375
2154,53.85,0.001953125
2155,53.875,0.001953125
2156,53.9,0.001953125
2157,53.925,0.001953125
2158,53.95,0.001708984375
2159,53.975,0.001708984375
2160,54.0,0.001953125
2161,54.025,0.001953125
2162,54.05,0.001953125
2163,54.075,0.001953125
2164,54.1,0.001953125
2165,54.125,0.001953125
2166,54.15,0.001953125
2167,54.175,0.001953125
2168,54.2,0.001708984375
2169,54.225,0.002197265625
2170,54.25,0.001708984375
2171,54.275,0.001953125
2172,54.3,0.001708984375
2173,54.325,0.001953125
2174,54.35,0.001708984375
2175,54.375,0.001220703125
2176,54.4,0.001953125
2177,54.425,0.001708984375
2178,54.45,0.001708984375
2179,54.475,0.001708984375
2180,54.5,0.001708984375
2181,54.525,0.001708984375
2182,54.55,0.001708984375
2183,54.575,0.001953125
2184,54.6,0.001708984375
2185,54.625,0.001708984375
2186,54.65,0.001708984375
2187,54.675,0.001708984375
2188,54.7,0.001953125
2189,54.725,0.001708984375
2190,54.75,0.001708984375
2191,54.775,0.001953125
2192,54.8,0.001708984375
2193,54.825,0.001708984375
2194,54.85,0.001708984375
2195,54.875,0.001708984375
2196,54.9,0.001708984375
2197,54.925,0.001708984375
2198,54.95,0.00146484375
2199,54.975,0.00146484375
2200,55.0,0.001708984375
2201,55.025,0.001708984375
2202,55.05,0.001708984375
2203,55.075,0.001708984375
2204,55.1,0.001708984375
2205,55.125,0.001708984375
2206,55.15,0.001708984375
2207,55.175,0.001708984375
2208,55.2,0.001708984375
2209,55.225,0.001708984375
2210,55.25,0.00146484375
2211,55.275,0.001708984375
2212,55.3,0.00146484375
2213,55.325,0.001708984375
2214,55.35,0.001708984375
2215,55.375,0.001708984375
2216,55.4,0.00146484375
2217,55.425,0.00146484375
2218,55.45,0.001220703125
2219,55.475,0.00146484375
2220,55.5,0.00146484375
2221,55.525,0.001953125
2222,55.55,0.00146484375
2223,55.575,0.00146484375
2224,55.6,0.001708984375
2225,55.625,0.001708984375
2226,55.65,0.001708984375
2227,55.675,0.00146484375
2228,55.7,0.001220703125
2229,55.725,0.00146484375
2230,55.75,0.00146484375
2231,55.775,0.001708984375
2232,55.8,0.001708984375
2233,55.825,0.001708984375
2234,55.85,0.001708984375
2235,55.875,0.00146484375
2236,55.9,0.001708984375
2237,55.925,0.001708984375
2238,55.95,0.001708984375
2239,55.975,0.001708984375
2240,56.0,0.001708984375
2241,56.025,0.001708984375
2242,56.05,0.001953125
2243,56.075,0.00146484375
2244,56.1,0.001953125
2245,56.125,0.001953125
2246,56.15,0.001953125
2247,56.175,0.001953125
2248,56.2,0.001953125
2249,56.225,0.001708984375
2250,56.25,0.001708984375
2251,56.275,0.001953125
2252,56.3,0.001708984375
2253,56.325,0.001708984375
2254,56.35,0.001708984375
2255,56.375,0.001708984375
2256,56.4,0.001708984375
2257,56.425,0.001708984375
2258,56.45,0.001708984375
2259,56.475,0.001708984375
2260,56.5,0.001708984375
2261,56.525,0.001708984375
2262,56.55,0.001708984375
2263,56.575,0.001708984375
2264,56.6,0.001708984375
2265,56.625,0.001708984375
2266,56.65,0.001953125
2267,56.675,0.00146484375
2268,56.7,0.001708984375
2269,56.725,0.001708984375
2270,56.75,0.001708984375
2271,56.775,0.001708984375
2272,56.8,0.001708984375
2273,56.825,0.00146484375
2274,56.85,0.001953125
2275,56.875,0.001708984375
2276,56.9,0.001708984375
2277,56.925,0.001953125
2278,56.95,0.001708984375
2279,56.975,0.001708984375
2280,57.0,0.001708984375
2281,57.025,0.001708984375
2282,57.05,0.001708984375
2283,57.075,0.001953125
2284,57.1,0.001953125
2285,57.125,0.001953125
2286,57.15,0.001953125
2287,57.175,0.002197265625
2288,57.2,0.001953125
2289,57.225,0.001708984375
2290,57.25,0.001708984375
2291,57.275,0.001708984375
2292,57.3,0.001953125
2293,57.325,0.001953125
2294,57.35,0.002197265625
2295,57.375,0.001708984375
2296,57.4,0.001953125
2297,57.425,0.001708984375
2298,57.45,0.001953125
2299,57.475,0.001953125
2300,57.5,0.001953125
2301,57.525,0.001953125
2302,57.55,0.001953125
2303,57.575,0.001953125
2304,57.6,0.001953125
2305,57.625,0.001953125
2306,57.65,0.002197265625
2307,57.675,0.001708984375
2308,57.7,0.001953125
2309,57.725,0.001708984375
2310,57.75,0.001708984375
2311,57.775,0.001953125
2312,57.8,0.001953125
2313,57.825,0.001953125
2314,57.85,0.001708984375
2315,57.875,0.001953125
2316,57.9,0.001953125
2317,57.925,0.001953125
2318,57.95,0.001953125
2319,57.975,0.001953125
2320,58.0,0.002197265625
2321,58.025,0.001708984375
2322,58.05,0.002197265625
2323,58.075,0.001708984375
2324,58.1,0.001953125
2325,58.125,0.001953125
2326,58.15,0.001953125
2327,58.175,0.00146484375
2328,58.2,0.001708984375
2329,58.225,0.001953125
2330,58.25,0.001953125
2331,58.275,0.001953125
2332,58.3,0.001953125
2333,58.325,0.001953125
2334,58.35,0.001953125
2335,58.375,0.001953125
2336,58.4,0.001953125
2337,58.425,0.001708984375
2338,58.45,0.001708984375
2339,58.475,0.001708984375
2340,58.5,0.001708984375
2341,58.525,0.001708984375
2342,58.55,0.001708984375
2343,58.575,0.001708984375
2344,58.6,0.001708984375
2345,58.625,0.00146484375
2346,58.65,0.00146484375
2347,58.675,0.001708984375
2348,58.7,0.001708984375
2349,58.725,0.001708984375
2350,58.75,0.001708984375
2351,58.775,0.001708984375
2352,58.8,0.001708984375
2353,58.825,0.001708984375
2354,58.85,0.00146484375
2355,58.875,0.00146484375
2356,58.9,0.001708984375
2357,58.925,0.001708984375
2358,58.95,0.001708984375
2359,58.975,0.001708984375
2360,59.0,0.00146484375
2361,59.025,0.001708984375
2362,59.05,0.001708984375
2363,59.075,0.001708984375
2364,59.1,0.00146484375
2365,59.125,0.001708984375
2366,59.15,0.001708984375
2367,59.175,0.001708984375
2368,59.2,0.001708984375
2369,59.225,0.001708984375
2370,59.25,0.001708984375
2371,59.275,0.001708984375
2372,59.3,0.00146484375
2373,59.325,0.007080078125
2374,59.35,-0.004150390625
2375,59.375,0.00341796875
2376,59.4,0.001708984375
2377,59.425,0.00146484375
2378,59.45,0.001708984375
2379,59.475,0.001708984375
2380,59.5,0.001708984375
2381,59.525,0.00146484375
2382,59.55,0.00146484375
2383,59.575,0.00146484375
2384,59.6,0.001708984375
2385,59.625,0.001708984375
2386,59.65,0.00146484375
2387,59.675,0.001708984375
2388,59.7,0.00146484375
2389,59.725,0.00146484375
2390,59.75,0.001708984375
2391,59.775,0.001708984375
2392,59.8,0.001708984375
2393,59.825,0.001708984375
2394,59.85,0.001708984375
2395,59.875,0.00146484375
2396,59.9,0.00146484375
2397,59.925,0.001708984375
2398,59.95,0.001708984375
2399,59.975,0.00146484375
2400,60.0,0.004150390625
2401,60.025,-0.00634765625
2402,60.05,0.01171875
2403,60.075,-0.005615234375
2404,60.1,0.0048828125
2405,60.125,-0.000244140625
2406,60.15,0.00244140625
2407,60.175,0.0009765625
2408,60.2,0.00146484375
2409,60.225,0.00146484375
2410,60.25,0.001708984375
2411,60.275,0.00146484375
2412,60.3,0.00146484375
2413,60.325,0.00146484375
2414,60.35,0.00146484375
2415,60.375,0.00146484375
2416,60.4,0.001708984375
2417,60.425,0.001953125
2418,60.45,0.001708984375
2419,60.475,0.00146484375
2420,60.5,0.001708984375
2421,60.525,0.00146484375
2422,60.55,0.00146484375
2423,60.575,0.00146484375
2424,60.6,0.00146484375
2425,60.625,0.001708984375
2426,60.65,0.001708984375
2427,60.675,0.00146484375
2428,60.7,0.00146484375
2429,60.725,0.001708984375
2430,60.75,0.001708984375
2431,60.775,0.001708984375
2432,60.8,0.001708984375
2433,60.825,0.001708984375
2434,60.85,0.001708984375
2435,60.875,0.001708984375
2436,60.9,0.001708984375
2437,60.925,0.001708984375
2438,60.95,0.001953125
2439,60.975,0.001953125
2440,61.0,0.00146484375
2441,61.025,0.001708984375
2442,61.05,0.001708984375
2443,61.075,0.001708984375
2444,61.1,0.001708984375
2445,61.125,0.001953125
2446,61.15,0.00146484375
2447,61.175,0.002197265625
2448,61.2,0.001953125
2449,61.225,0.001953125
2450,61.25,0.001953125
2451,61.275,0.001953125
2452,61.3,0.001953125
2453,61.325,0.001953125
2454,61.35,0.002197265625
2455,61.375,0.001708984375
2456,61.4,0.001953125
2457,61.425,0.001953125
2458,61.45,0.002197265625
2459,61.475,0.002197265625
2460,61.5,0.001953125
2461,61.525,0.001953125
2462,61.55,0.001953125
2463,61.575,0.001953125
2464,61.6,0.001953125
2465,61.625,0.001953125
2466,61.65,0.001708984375
2467,61.675,0.001953125
2468,61.7,0.001708984375
2469,61.725,0.001953125
2470,61.75,0.001953125
2471,61.775,0.001708984375
2472,61.8,0.001708984375
2473,61.825,0.001953125
2474,61.85,0.001708984375
2475,61.875,0.001708984375
2476,61.9,0.002197265625
2477,61.925,0.001953125
2478,61.95,0.001953125
2479,61.975,0.001953125
2480,62.0,0.001708984375
2481,62.025,0.001708984375
2482,62.05,0.001708984375
2483,62.075,0.001708984375
2484,62.1,0.001953125
2485,62.125,0.001708984375
2486,62.15,0.001953125
2487,62.175,0.001953125
2488,62.2,0.001708984375
2489,62.225,0.001953125
2490,62.25,0.001953125
2491,62.275,0.001953125
2492,62.3,0.001953125
2493,62.325,0.001953125
2494,62.35,0.001953125
2495,62.375,0.002197265625
2496,62.4,0.001708984375
2497,62.425,0.001708984375
2498,62.45,0.001953125
2499,62.475,0.001953125
2500,62.5,0.002197265625
2501,62.525,0.001953125
2502,62.55,0.001953125
2503,62.575,0.001953125
2504,62.6,0.001953125
2505,62.625,0.001708984375
2506,62.65,0.001953125
2507,62.675,0.001953125
2508,62.7,0.001953125
2509,62.725,0.001708984375
2510,62.75,0.001953125
2511,62.775,0.001708984375
2512,62.8,0.001708984375
2513,62.825,0.001708984375
2514,62.85,0.001953125
2515,62.875,0.001953125
2516,62.9,0.001708984375
2517,62.925,0.001708984375
2518,62.95,0.001708984375
2519,62.975,0.001953125
2520,63.0,0.001708984375
2521,63.025,0.001953125
2522,63.05,0.001953125
2523,63.075,0.001953125
2524,63.1,0.001953125
2525,63.125,0.001708984375
2526,63.15,0.001953125
2527,63.175,0.001708984375
2528,63.2,0.00146484375
2529,63.225,0.001953125
2530,63.25,0.001708984375
2531,63.275,0.001708984375
2532,63.3,0.00146484375
2533,63.325,0.001708984375
2534,63.35,0.001708984375
2535,63.375,0.001708984375
2536,63.4,0.00146484375
2537,63.425,0.001708984375
2538,63.45,0.00146484375
2539,63.475,0.001708984375
2540,63.5,0.001708984375
2541,63.525,0.001708984375
2542,63.55,0.001953125
2543,63.575,0.001708984375
2544,63.6,0.00146484375
2545,63.625,0.00146484375
2546,63.65,0.001708984375
2547,63.675,0.001708984375
2548,63.7,0.001708984375
2549,63.725,0.00146484375
2550,63.75,0.00146484375
2551,63.775,0.00146484375
2552,63.8,0.001708984375
2553,63.825,0.00146484375
2554,63.85,0.00146484375
2555,63.875,0.001708984375
2556,63.9,0.001708984375
2557,63.925,0.00146484375
2558,63.95,0.001220703125
2559,63.975,0.001708984375
2560,64.0,0.00146484375
2561,64.025,0.001708984375
2562,64.05,0.00146484375
2563,64.075,0.00146484375
2564,64.1,0.001708984375
2565,64.125,0.001708984375
2566,64.15,0.001708984375
2567,64.175,0.001708984375
2568,64.2,0.001708984375
2569,64.225,0.00146484375
2570,64.25,0.00146484375
2571,64.275,0.001708984375
2572,64.3,0.001708984375
2573,64.325,0.001708984375
2574,64.35,0.00146484375
2575,64.375,0.00146484375
2576,64.4,0.001708984375
2577,64.425,0.00146484375
2578,64.45,0.001708984375
2579,64.475,0.001708984375
2580,64.5,0.001708984375
2581,64.525,0.001220703125
2582,64.55,0.00146484375
2583,64.575,0.001708984375
2584,64.6,0.001708984375
2585,64.625,0.001708984375
2586,64.65,0.00146484375
2587,64.675,0.00146484375
2588,64.7,0.00146484375
2589,64.725,0.001708984375
2590,64.75,0.001708984375
2591,64.775,0.001708984375
2592,64.8,0.001708984375
2593,64.825,0.001708984375
2594,64.85,0.00146484375
2595,64.875,0.001708984375
2596,64.9,0.00146484375
2597,64.925,0.001708984375
2598,64.95,0.001708984375
2599,64.975,0.001708984375
2600,65.0,0.001708984375
2601,65.025,0.001708984375
2602,65.05,0.001708984375
2603,65.075,0.001953125
2604,65.1,0.001708984375
2605,65.125,0.001708984375
2606,65.15,0.001953125
2607,65.175,0.001708984375
2608,65.2,0.001708984375
2609,65.225,0.00146484375
2610,65.25,0.001708984375
2611,65.275,0.001953125
2612,65.3,0.001953125
2613,65.325,0.001953125
2614,65.35,0.001708984375
2615,65.375,0.001953125
2616,65.4,0.001708984375
2617,65.425,0.001708984375
2618,65.45,0.001708984375
2619,65.475,0.001708984375
2620,65.5,0.00146484375
2621,65.525,0.001953125
2622,65.55,0.001953125
2623,65.575,0.001953125
2624,65.6,0.001708984375
2625,65.625,0.001953125
2626,65.65,0.001708984375
2627,65.675,0.001708984375
2628,65.7,0.001708984375
2629,65.725,0.001708984375
2630,65.75,0.001708984375
2631,65.775,0.001953125
2632,65.8,0.001708984375
2633,65.825,0.001708984375
2634,65.85,0.001953125
2635,65.875,0.001708984375
2636,65.9,0.001708984375
2637,65.925,0.001708984375
2638,65.95,0.00146484375
2639,65.975,0.001953125
2640,66.0,0.001708984375
2641,66.025,0.001708984375
2642,66.05,0.001708984375
2643,66.075,0.001953125
2644,66.1,0.001708984375
2645,66.125,0.001953125
2646,66.15,0.001953125
2647,66.175,0.001708984375
2648,66.2,0.001708984375
2649,66.225,0.001708984375
2650,66.25,0.001953125
2651,66.275,0.001953125
2652,66.3,0.001708984375
2653,66.325,0.001708984375
2654,66.35,0.001708984375
2655,66.375,0.001708984375
2656,66.4,0.001708984375
2657,66.425,0.001953125
2658,66.45,0.001953125
2659,66.475,0.001953125
2660,66.5,0.001953125
2661,66.525,0.001953125
2662,66.55,0.001953125
2663,66.575,0.001953125
2664,66.6,0.001708984375
2665,66.625,0.001953125
2666,66.65,0.001708984375
2667,66.675,0.001953125
2668,66.7,0.001953125
2669,66.725,0.001953125
2670,66.75,0.001708984375
2671,66.775,0.001953125
2672,66.8,0.001953125
2673,66.825,0.001708984375
2674,66.85,0.001953125
2675,66.875,0.002197265625
2676,66.9,0.001953125
2677,66.925,0.001953125
2678,66.95,0.001953125
2679,66.975,0.001953125
2680,67.0,0.001708984375
2681,67.025,0.001953125
2682,67.05,0.001708984375
2683,67.075,0.001708984375
2684,67.1,0.001953125
2685,67.125,0.001708984375
2686,67.15,0.001953125
2687,67.175,0.001953125
2688,67.2,0.001953125
2689,67.225,0.001708984375
2690,67.25,0.001953125
2691,67.275,0.00146484375
2692,67.3,0.001953125
2693,67.325,0.001708984375
2694,67.35,0.001953125
2695,67.375,0.001953125
2696,67.4,0.001953125
2697,67.425,0.001953125
2698,67.45,0.00146484375
2699,67.475,0.001953125
2700,67.5,0.001953125
2701,67.525,0.001953125
2702,67.55,0.001708984375
2703,67.575,0.001708984375
2704,67.6,0.001708984375
2705,67.625,0.001708984375
2706,67.65,0.001708984375
2707,67.675,0.00146484375
2708,67.7,0.001708984375
2709,67.725,0.001708984375
2710,67.75,0.001708984375
2711,67.775,0.001708984375
2712,67.8,0.001953125
2713,67.825,0.001708984375
2714,67.85,0.00146484375
2715,67.875,0.001220703125
2716,67.9,0.001708984375
2717,67.925,0.00146484375
2718,67.95,0.001708984375
2719,67.975,0.001708984375
2720,68.0,0.00146484375
2721,68.025,0.00146484375
2722,68.05,0.001708984375
2723,68.075,0.001708984375
2724,68.1,0.001708984375
2725,68.125,0.001708984375
2726,68.15,0.00146484375
2727,68.175,0.00146484375
2728,68.2,0.001708984375
2729,68.225,0.001708984375
2730,68.25,0.001953125
2731,68.275,0.001708984375
2732,68.3,0.00146484375
2733,68.325,0.001708984375
2734,68.35,0.001708984375
2735,68.375,0.00146484375
2736,68.4,0.00146484375
2737,68.425,0.001708984375
2738,68.45,0.001708984375
2739,68.475,0.001708984375
2740,68.5,0.001708984375
2741,68.525,0.001708984375
2742,68.55,0.00146484375
2743,68.575,0.001708984375
2744,68.6,0.00146484375
2745,68.625,0.001708984375
2746,68.65,0.001708984375
2747,68.675,0.00146484375
2748,68.7,0.001708984375
2749,68.725,0.00146484375
2750,68.75,0.00146484375
2751,68.775,0.00146484375
2752,68.8,0.00146484375
2753,68.825,0.00146484375
2754,68.85,0.001708984375
2755,68.875,0.00146484375
2756,68.9,0.001708984375
2757,68.925,0.001708984375
2758,68.95,0.001708984375
2759,68.975,0.001953125
2760,69.0,0.001220703125
2761,69.025,0.001708984375
2762,69.05,0.001708984375
2763,69.075,0.00146484375
2764,69.1,0.001708984375
2765,69.125,0.001708984375
2766,69.15,0.001708984375
2767,69.175,0.00146484375
2768,69.2,0.001708984375
2769,69.225,0.001708984375
2770,69.25,0.00146484375
2771,69.275,0.00146484375
2772,69.3,0.00146484375
2773,69.325,0.001953125
2774,69.35,0.001708984375
2775,69.375,0.001708984375
2776,69.4,0.001708984375
2777,69.425,0.001953125
2778,69.45,0.001953125
2779,69.475,0.001708984375
2780,69.5,0.001708984375
2781,69.525,0.001708984375
2782,69.55,0.001708984375
2783,69.575,0.001708984375
2784,69.6,0.001708984375
2785,69.625,0.001953125
2786,69.65,0.001953125
2787,69.675,0.001708984375
2788,69.7,0.001953125
2789,69.725,0.001708984375
2790,69.75,0.001953125
2791,69.775,0.001708984375
2792,69.8,0.001953125
2793,69.825,0.001953125
2794,69.85,0.001953125
2795,69.875,0.001708984375
2796,69.9,0.001953125
2797,69.925,0.001708984375
2798,69.95,0.001953125
2799,69.975,0.001708984375
2800,70.0,0.001953125
2801,70.025,0.001953125
2802,70.05,0.001953125
2803,70.075,0.002197265625
2804,70.1,0.001953125
2805,70.125,0.001708984375
2806,70.15,0.001953125
2807,70.175,0.001708984375
2808,70.2,0.002197265625
2809,70.225,0.001953125
2810,70.25,0.001708984375
2811,70.275,0.001953125
2812,70.3,0.001708984375
2813,70.325,0.001708984375
2814,70.35,0.00146484375
2815,70.375,0.001953125
2816,70.4,0.001953125
2817,70.425,0.002197265625
2818,70.45,0.001953125
2819,70.475,0.001953125
2820,70.5,0.001953125
2821,70.525,0.001708984375
2822,70.55,0.001953125
2823,70.575,0.001953125
2824,70.6,0.002197265625
2825,70.625,0.001953125
2826,70.65,0.001953125
2827,70.675,0.001953125
2828,70.7,0.001953125
2829,70.725,0.001953125
2830,70.75,0.001953125
2831,70.775,0.002197265625
2832,70.8,0.001708984375
2833,70.825,0.001953125
2834,70.85,0.001953125
2835,70.875,0.001953125
2836,70.9,0.001953125
2837,70.925,0.001708984375
2838,70.95,0.001708984375
2839,70.975,0.001708984375
2840,71.0,0.001953125
2841,71.025,0.001708984375
2842,71.05,0.001708984375
2843,71.075,0.001708984375
2844,71.1,0.001708984375
2845,71.125,0.001708984375
2846,71.15,0.001708984375
2847,71.175,0.001708984375
2848,71.2,0.001953125
2849,71.225,0.001953125
2850,71.25,0.001708984375
2851,71.275,0.001708984375
2852,71.3,0.001953125
2853,71.325,0.001708984375
2854,71.35,0.001708984375
2855,71.375,0.001708984375
2856,71.4,0.001708984375
2857,71.425,0.001708984375
2858,71.45,0.002197265625
2859,71.475,0.001953125
2860,71.5,0.002197265625
2861,71.525,0.00146484375
2862,71.55,0.001708984375
2863,71.575,0.001953125
2864,71.6,0.001953125
2865,71.625,0.001708984375
2866,71.65,0.001953125
2867,71.675,0.001953125
2868,71.7,0.001708984375
2869,71.725,0.001953125
2870,71.75,0.001953125
2871,71.775,0.001953125
2872,71.8,0.00146484375
2873,71.825,0.001953125
2874,71.85,0.001708984375
2875,71.875,0.001708984375
2876,71.9,0.001708984375
2877,71.925,0.001953125
2878,71.95,0.001708984375
2879,71.975,0.001708984375
2880,72.0,0.001953125
2881,72.025,0.001953125
2882,72.05,0.001708984375
2883,72.075,0.001708984375
2884,72.1,0.001708984375
2885,72.125,0.001708984375
2886,72.15,0.001953125
2887,72.175,0.001708984375
2888,72.2,0.001708984375
2889,72.225,0.00146484375
2890,72.25,0.001953125
2891,72.275,0.001953125
2892,72.3,0.001953125
2893,72.325,0.001953125
2894,72.35,0.001953125
2895,72.375,0.001708984375
2896,72.4,0.001953125
2897,72.425,0.001708984375
2898,72.45,0.00146484375
2899,72.475,0.00146484375
2900,72.5,0.001708984375
2901,72.525,0.001708984375
2902,72.55,0.00146484375
2903,72.575,0.001708984375
2904,72.6,0.001708984375
2905,72.625,0.001708984375
2906,72.65,0.00146484375
2907,72.675,0.00146484375
2908,72.7,0.001708984375
2909,72.725,0.001220703125
2910,72.75,0.001708984375
2911,72.775,0.001708984375
2912,72.8,0.001708984375
2913,72.825,0.00146484375
2914,72.85,0.00146484375
2915,72.875,0.00146484375
2916,72.9,0.001708984375
2917,72.925,0.00146484375
2918,72.95,0.001708984375
2919,72.975,0.001708984375
2920,73.0,0.00146484375
2921,73.025,0.001708984375
2922,73.05,0.00146484375
2923,73.075,0.001708984375
2924,73.1,0.00146484375
2925,73.125,0.00146484375
2926,73.15,0.00146484375
2927,73.175,0.00146484375
2928,73.2,0.001708984375
2929,73.225,0.00146484375
2930,73.25,0.00146484375
2931,73.275,0.001708984375
2932,73.3,0.0009765625
2933,73.325,0.001708984375
2934,73.35,0.00146484375
2935,73.375,0.00146484375
2936,73.4,0.001708984375
2937,73.425,0.00146484375
2938,73.45,0.00146484375
2939,73.475,0.00146484375
2940,73.5,0.00146484375
2941,73.525,0.00146484375
2942,73.55,0.00146484375
2943,73.575,0.00146484375
2944,73.6,0.00146484375
2945,73.625,0.001708984375
2946,73.65,0.001708984375
2947,73.675,0.00146484375
2948,73.7,0.001708984375
2949,73.725,0.001708984375
2950,73.75,0.00146484375
2951,73.775,0.001953125
2952,73.8,0.001708984375
2953,73.825,0.00146484375
2954,73.85,0.00146484375
2955,73.875,0.001953125
2956,73.9,0.00146484375
2957,73.925,0.001708984375
2958,73.95,0.001708984375
2959,73.975,0.001708984375
2960,74.0,0.00146484375
2961,74.025,0.00146484375
2962,74.05,0.001708984375
2963,74.075,0.001708984375
2964,74.1,0.001708984375
2965,74.125,0.001708984375
2966,74.15,0.001708984375
2967,74.175,0.001220703125
2968,74.2,0.001953125
2969,74.225,0.001708984375
2970,74.25,0.001708984375
2971,74.275,0.001953125
2972,74.3,0.001708984375
2973,74.325,0.001708984375
2974,74.35,0.001953125
2975,74.375,0.001953125
2976,74.4,0.001953125
2977,74.425,0.001953125
2978,74.45,0.001708984375
2979,74.475,0.001953125
2980,74.5,0.001953125
2981,74.525,0.002197265625
2982,74.55,0.001953125
2983,74.575,0.002197265625
2984,74.6,0.001708984375
2985,74.625,0.001953125
2986,74.65,0.001708984375
2987,74.675,0.002197265625
2988,74.7,0.001953125
2989,74.725,0.001953125
2990,74.75,0.001953125
2991,74.775,0.001953125
2992,74.8,0.001953125
2993,74.825,0.001953125
2994,74.85,0.001953125
2995,74.875,0.001708984375
2996,74.9,0.001953125
2997,74.925,0.001953125
2998,74.95,0.001708984375
2999,74.975,0.001953125
