sample,amplitude
0,0.00244140625
1,0.00244140625
2,0.00244140625
3,0.002197265625
4,0.002685546875
5,0.00244140625
6,0.00244140625
7,0.001953125
8,0.0
9,0.00439453125
10,0.003173828125
11,0.001953125
12,0.0029296875
13,0.001953125
14,0.003173828125
15,0.002197265625
16,0.002197265625
17,0.002197265625
18,0.002197265625
19,0.002197265625
20,0.00244140625
21,0.001953125
22,0.002197265625
23,0.00244140625
24,0.00244140625
25,0.00244140625
26,0.002197265625
27,0.00244140625
28,0.00244140625
29,0.001953125
30,0.002197265625
31,0.002197265625
32,0.002197265625
33,0.00244140625
34,0.002197265625
35,-0.007080078125
36,0.01220703125
37,-0.00048828125
38,0.00341796875
39,0.002197265625
40,0.002197265625
41,0.002197265625
42,0.002197265625
43,0.00244140625
44,0.002197265625
45,0.002197265625
46,0.002197265625
47,0.002197265625
48,0.002197265625
49,0.002197265625
50,0.002197265625
51,0.002197265625
52,0.00244140625
53,0.002197265625
54,0.002197265625
55,0.002197265625
56,0.002197265625
57,0.001953125
58,0.001953125
59,0.002197265625
60,0.001953125
61,0.002197265625
62,0.001953125
63,0.001953125
64,0.001953125
65,0.002197265625
66,0.002197265625
67,0.001953125
68,0.002197265625
69,0.002197265625
70,0.00244140625
71,0.001953125
72,0.001953125
73,0.002197265625
74,0.002197265625
75,0.002197265625
76,0.001953125
77,0.001953125
78,0.002197265625
79,0.002197265625
80,0.001953125
81,0.001953125
82,0.001953125
83,0.001953125
84,0.001708984375
85,0.001953125
86,0.002197265625
87,0.002197265625
88,0.001953125
89,0.001953125
90,0.001953125
91,0.002197265625
92,0.001953125
93,0.002197265625
94,0.002197265625
95,0.001953125
96,0.002197265625
97,0.001953125
98,0.001953125
99,0.002197265625
100,0.001953125
101,0.001953125
102,0.001953125
103,0.001953125
104,0.001953125
105,0.001953125
106,0.001953125
107,0.001953125
108,0.001708984375
109,0.001953125
110,0.002197265625
111,0.002197265625
112,0.002197265625
113,0.001953125
114,0.002197265625
115,0.001953125
116,0.002197265625
117,0.001953125
118,0.002197265625
119,0.002197265625
120,0.002197265625
121,0.002197265625
122,0.001953125
123,0.001953125
124,0.002197265625
125,0.002197265625
126,0.002197265625
127,0.002197265625
128,0.00244140625
129,0.001953125
130,0.002197265625
131,0.002197265625
132,0.001953125
133,0.002197265625
134,0.001953125
135,0.00244140625
136,0.002197265625
137,0.00244140625
138,0.00244140625
139,0.002197265625
140,0.00244140625
141,0.00244140625
142,0.001953125
143,0.00244140625
144,0.001953125
145,0.002197265625
146,0.001953125
147,0.002197265625
148,0.00244140625
149,0.002197265625
150,0.002197265625
151,0.00244140625
152,0.001953125
153,0.00244140625
154,0.002685546875
155,0.00244140625
156,0.00244140625
157,0.002197265625
158,0.00244140625
159,0.00244140625
160,0.00244140625
161,0.00244140625
162,0.00244140625
163,0.00244140625
164,0.002197265625
165,0.00244140625
166,0.00244140625
167,0.00244140625
168,0.00244140625
169,0.001953125
170,0.00244140625
171,0.002197265625
172,0.00244140625
173,0.00244140625
174,0.00244140625
175,0.00244140625
176,0.002197265625
177,0.00244140625
178,0.00244140625
179,0.00244140625
180,0.00244140625
181,0.00244140625
182,0.002197265625
183,0.00244140625
184,0.00244140625
185,0.00244140625
186,0.00244140625
187,0.00244140625
188,0.00244140625
189,0.00244140625
190,0.00244140625
191,0.002197265625
192,0.002197265625
193,0.002685546875
194,0.002197265625
195,0.00244140625
196,0.002197265625
197,0.002197265625
198,0.002197265625
199,0.00244140625
200,0.00244140625
201,0.002197265625
202,0.002197265625
203,0.002197265625
204,0.002197265625
205,0.002197265625
206,0.00244140625
207,0.00244140625
208,0.00244140625
209,0.002197265625
210,0.001953125
211,0.002197265625
212,0.002197265625
213,0.002197265625
214,0.002197265625
215,0.002197265625
216,0.002197265625
217,0.002197265625
218,0.002197265625
219,0.002197265625
220,0.002197265625
221,0.002197265625
222,0.002197265625
223,0.002197265625
224,0.002197265625
225,0.002197265625
226,0.002197265625
227,0.002197265625
228,0.002197265625
229,0.001953125
230,0.002197265625
231,0.002197265625
232,0.00244140625
233,0.001953125
234,0.002197265625
235,0.001953125
236,0.001953125
237,0.002197265625
238,0.001953125
239,0.002197265625
240,0.001953125
241,0.002197265625
242,0.001708984375
243,0.002197265625
244,0.001953125
245,0.002197265625
246,0.002197265625
247,0.002197265625
248,0.001953125
249,0.002197265625
250,0.002197265625
251,0.001953125
252,0.002197265625
253,0.001953125
254,0.001953125
255,0.002197265625
256,0.002197265625
257,0.001953125
258,0.002197265625
259,0.001953125
260,0.001953125
261,0.002197265625
262,0.001708984375
263,0.002197265625
264,0.001953125
265,0.001953125
266,0.001953125
267,0.001708984375
268,0.001953125
269,0.001953125
270,0.002197265625
271,0.001953125
272,0.001953125
273,0.002197265625
274,0.001953125
275,0.001953125
276,0.002197265625
277,0.001953125
278,0.001953125
279,0.002197265625
280,0.00244140625
281,0.002197265625
282,0.002197265625
283,0.001953125
284,0.001953125
285,0.001953125
286,0.001953125
287,0.002197265625
288,0.002197265625
289,0.002197265625
290,0.001953125
291,0.00244140625
292,0.002197265625
293,0.00244140625
294,0.002197265625
295,0.00244140625
296,0.002197265625
297,0.002197265625
298,0.002197265625
299,0.001953125
300,0.00244140625
301,0.002197265625
302,0.002197265625
303,0.001953125
304,0.002197265625
305,0.002197265625
306,0.00244140625
307,0.002197265625
308,0.001953125
309,0.002197265625
310,0.001953125
311,0.00244140625
312,0.002197265625
313,0.00244140625
314,0.001953125
315,0.002197265625
316,0.002197265625
317,0.002197265625
318,0.00244140625
319,0.002685546875
320,0.00244140625
321,0.00244140625
322,0.002197265625
323,0.00244140625
324,0.001953125
325,0.002685546875
326,0.002197265625
327,0.002197265625
328,0.002197265625
329,0.002197265625
330,0.002685546875
331,0.002197265625
332,0.002197265625
333,0.00244140625
334,0.00244140625
335,0.002197265625
336,0.00244140625
337,0.00244140625
338,0.002197265625
339,0.00244140625
340,0.002197265625
341,0.00244140625
342,0.00244140625
343,0.002197265625
344,0.00244140625
345,0.00244140625
346,0.001953125
347,0.002197265625
348,0.00244140625
349,0.00244140625
350,0.002197265625
351,0.002197265625
352,0.002197265625
353,0.00244140625
354,0.00244140625
355,0.002197265625
356,0.00244140625
357,0.002197265625
358,0.002197265625
359,0.001953125
360,0.002197265625
361,0.002197265625
362,0.001953125
363,0.002685546875
364,0.001953125
365,0.002197265625
366,0.00244140625
367,0.002197265625
368,0.002197265625
369,0.00244140625
370,0.002197265625
371,0.002197265625
372,0.00244140625
373,0.002197265625
374,0.002197265625
375,0.002197265625
376,0.00244140625
377,0.00244140625
378,0.002197265625
379,0.001953125
380,0.00244140625
381,0.002197265625
382,0.002197265625
383,0.00244140625
384,0.002197265625
385,0.002197265625
386,0.00244140625
387,0.002197265625
388,0.002197265625
389,0.001953125
390,0.002197265625
391,0.00244140625
392,0.002197265625
393,0.00244140625
394,0.002197265625
395,0.002197265625
396,0.00244140625
397,0.002197265625
398,0.002197265625
399,0.002197265625
400,0.002197265625
401,0.001953125
402,0.002197265625
403,0.002197265625
404,0.001953125
405,0.002197265625
406,0.002197265625
407,0.00244140625
408,0.002197265625
409,0.001953125
410,0.001953125
411,0.001953125
412,0.002197265625
413,0.001953125
414,0.002197265625
415,0.001953125
416,0.001953125
417,0.002197265625
418,0.001953125
419,0.002197265625
420,0.002197265625
421,0.001953125
422,0.002197265625
423,0.002197265625
424,0.001953125
425,0.001953125
426,0.002197265625
427,0.001953125
428,0.001953125
429,0.001953125
430,0.001953125
431,0.001953125
432,0.002197265625
433,0.001953125
434,0.001953125
435,0.002197265625
436,0.00244140625
437,0.002197265625
438,0.001953125
439,0.001953125
440,0.001953125
441,0.001953125
442,0.002197265625
443,0.001953125
444,0.001953125
445,0.001953125
446,0.001953125
447,0.002197265625
448,0.001953125
449,0.002197265625
450,0.002197265625
451,0.001953125
452,0.002197265625
453,0.001953125
454,0.002197265625
455,0.001953125
456,0.002197265625
457,0.002197265625
458,0.001953125
459,0.001953125
460,0.002197265625
461,0.002197265625
462,0.002197265625
463,0.002197265625
464,0.002197265625
465,0.001953125
466,0.001953125
467,0.002197265625
468,0.002197265625
469,0.002197265625
470,0.002197265625
471,0.002197265625
472,0.002197265625
473,0.002197265625
474,0.00244140625
475,0.002197265625
476,0.002197265625
477,0.00244140625
478,0.002197265625
479,0.002197265625
480,0.002197265625
481,0.00244140625
482,0.002197265625
483,0.002197265625
484,0.002197265625
485,0.002197265625
486,0.002197265625
487,0.00244140625
488,0.00244140625
489,0.00244140625
490,0.00244140625
491,0.00244140625
492,0.00244140625
493,0.002685546875
494,0.002197265625
495,0.00244140625
496,0.00244140625
497,0.00244140625
498,0.002197265625
499,0.00244140625
500,0.00244140625
501,0.00244140625
502,0.00244140625
503,0.00244140625
504,0.00244140625
505,0.00244140625
506,0.00244140625
507,0.00244140625
508,0.00244140625
509,0.002197265625
510,0.002197265625
511,0.00244140625
512,0.00244140625
513,0.00244140625
514,0.002197265625
515,0.00244140625
516,0.002197265625
517,0.00244140625
518,0.00244140625
519,0.00244140625
520,0.002197265625
521,0.002685546875
522,0.00244140625
523,0.002685546875
524,0.00244140625
525,0.002685546875
526,0.00244140625
527,0.002197265625
528,0.00244140625
529,0.00244140625
530,0.00244140625
531,0.00244140625
532,0.00244140625
533,0.002197265625
534,0.00244140625
535,0.00244140625
536,0.002197265625
537,0.00244140625
538,0.00244140625
539,0.00244140625
540,0.00244140625
541,0.00244140625
542,0.002197265625
543,0.002197265625
544,0.002197265625
545,0.002197265625
546,0.002197265625
547,0.002197265625
548,0.002197265625
549,0.001953125
550,0.002197265625
551,0.002197265625
552,0.002197265625
553,0.00244140625
554,0.002197265625
555,0.002197265625
556,0.001953125
557,0.002197265625
558,0.002197265625
559,0.002197265625
560,0.002197265625
561,0.00244140625
562,0.002197265625
563,0.002197265625
564,0.001953125
565,0.001953125
566,0.002197265625
567,0.00244140625
568,0.00244140625
569,0.002197265625
570,0.001953125
571,0.001953125
572,0.001953125
573,0.002197265625
574,0.001953125
575,0.002197265625
576,0.002197265625
577,0.001708984375
578,0.002197265625
579,0.002197265625
580,0.002197265625
581,0.002197265625
582,0.002197265625
583,0.002197265625
584,0.001953125
585,0.001953125
586,0.001953125
587,0.001953125
588,0.002197265625
589,0.002197265625
590,0.001953125
591,0.002197265625
592,0.001953125
593,0.001953125
594,0.001953125
595,0.001953125
596,0.001953125
597,0.002197265625
598,0.001953125
599,0.00244140625
600,0.00244140625
601,0.002197265625
602,0.001953125
603,0.001953125
604,0.002197265625
605,0.002197265625
606,0.001953125
607,0.002197265625
608,0.002197265625
609,0.00244140625
610,0.002197265625
611,0.00244140625
612,0.002197265625
613,0.002197265625
614,0.001953125
615,0.001953125
616,0.002197265625
617,0.002197265625
618,0.002197265625
619,0.001953125
620,0.001953125
621,0.001953125
622,0.001953125
623,0.002197265625
624,0.001953125
625,0.002197265625
626,0.002197265625
627,0.002197265625
628,0.00244140625
629,0.002197265625
630,0.002197265625
631,0.001953125
632,0.001953125
633,0.002197265625
634,0.002197265625
635,0.00244140625
636,0.00244140625
637,0.001953125
638,0.002197265625
639,0.002197265625
640,0.00244140625
641,0.002197265625
642,0.002197265625
643,0.00244140625
644,0.002197265625
645,0.002197265625
646,0.001953125
647,0.002197265625
648,0.002197265625
649,0.001953125
650,0.002197265625
651,0.002197265625
652,0.002197265625
653,0.002197265625
654,0.002197265625
655,0.00244140625
656,0.002197265625
657,0.00244140625
658,0.002197265625
659,0.00244140625
660,0.00244140625
661,0.002197265625
662,0.002197265625
663,0.001953125
664,0.002197265625
665,0.00244140625
666,0.00244140625
667,0.00244140625
668,0.00244140625
669,0.002197265625
670,0.002197265625
671,0.00244140625
672,0.002197265625
673,0.00244140625
674,0.002197265625
675,0.002197265625
676,0.00244140625
677,0.00244140625
678,0.00244140625
679,0.002685546875
680,0.002197265625
681,0.00244140625
682,0.002197265625
683,0.002685546875
684,0.00244140625
685,0.00244140625
686,0.00244140625
687,0.00244140625
688,0.00244140625
689,0.002197265625
690,0.002197265625
691,0.00244140625
692,0.002197265625
693,0.00244140625
694,0.00244140625
695,0.002197265625
696,0.00244140625
697,0.002197265625
698,0.00244140625
699,0.00244140625
700,0.00244140625
701,0.00244140625
702,0.00244140625
703,0.00244140625
704,0.00244140625
705,0.002197265625
706,0.00244140625
707,0.002197265625
708,0.00244140625
709,0.002197265625
710,0.001953125
711,0.002197265625
712,0.002197265625
713,0.00244140625
714,0.00244140625
715,0.00244140625
716,0.002197265625
717,0.002197265625
718,0.006103515625
719,-0.000732421875
720,0.001220703125
721,0.001708984375
722,0.00244140625
723,0.001953125
724,0.002197265625
725,0.002197265625
726,0.002197265625
727,0.001953125
728,0.002197265625
729,0.001953125
730,0.00244140625
731,0.002197265625
732,0.00244140625
733,0.002197265625
734,0.002197265625
735,0.002197265625
736,0.002197265625
737,0.002197265625
738,0.002197265625
739,0.002197265625
740,0.00244140625
741,0.002197265625
742,0.002197265625
743,0.002197265625
744,0.002197265625
745,0.002197265625
746,0.021484375
747,-0.009033203125
748,0.001953125
749,0.001953125
750,0.001708984375
751,0.002197265625
752,0.001708984375
753,0.00244140625
754,0.001953125
755,0.002197265625
756,0.001953125
757,0.00244140625
758,0.002197265625
759,0.002197265625
760,0.00244140625
761,0.001953125
762,0.001953125
763,0.001953125
764,0.002197265625
765,0.001953125
766,0.001953125
767,0.001953125
768,0.002197265625
769,0.001953125
770,0.001953125
771,0.001953125
772,0.001953125
773,0.001708984375
774,0.001953125
775,0.002197265625
776,0.002197265625
777,0.002197265625
778,0.001953125
779,0.001953125
780,0.002197265625
781,0.002197265625
782,0.001953125
783,0.002197265625
784,0.001953125
785,0.002197265625
786,0.002197265625
787,0.001953125
788,0.002197265625
789,0.001953125
790,0.001953125
791,0.001953125
792,0.002197265625
793,0.002197265625
794,0.001953125
795,0.002197265625
796,0.001953125
797,0.001953125
798,0.002197265625
799,0.001953125
800,0.001953125
801,0.001953125
802,0.001953125
803,0.002197265625
804,0.002197265625
805,0.00244140625
806,0.002197265625
807,0.00244140625
808,0.002197265625
809,0.00244140625
810,0.001953125
811,0.002197265625
812,0.002197265625
813,0.002197265625
814,0.001953125
815,0.002197265625
816,0.00244140625
817,0.00244140625
818,0.002197265625
819,0.002197265625
820,0.002197265625
821,0.00244140625
822,0.002197265625
823,0.002197265625
824,0.001953125
825,0.00244140625
826,0.00244140625
827,0.002197265625
828,0.002197265625
829,0.002197265625
830,0.002197265625
831,0.002197265625
832,0.001953125
833,0.00244140625
834,0.002197265625
835,0.002197265625
836,0.002197265625
837,0.00244140625
838,0.001953125
839,0.00244140625
840,0.002197265625
841,0.00244140625
842,0.00244140625
843,0.002197265625
844,0.002685546875
845,0.002197265625
846,0.002197265625
847,0.002197265625
848,0.002197265625
849,0.00244140625
850,0.00244140625
851,0.00244140625
852,0.002197265625
853,0.00244140625
854,0.002197265625
855,0.00244140625
856,0.00244140625
857,0.00244140625
858,0.00244140625
859,0.002197265625
860,0.00244140625
861,0.002685546875
862,0.002197265625
863,0.00244140625
864,0.00244140625
865,0.00244140625
866,0.00244140625
867,0.002197265625
868,0.002685546875
869,0.002197265625
870,0.002197265625
871,0.00244140625
872,0.002197265625
873,0.00244140625
874,0.002197265625
875,0.00244140625
876,0.00244140625
877,0.002197265625
878,0.00244140625
879,0.00244140625
880,0.00244140625
881,0.002197265625
882,0.00244140625
883,0.002685546875
884,0.00244140625
885,0.002197265625
886,0.002197265625
887,0.00244140625
888,0.002197265625
889,0.002197265625
890,0.00244140625
891,0.00244140625
892,0.002197265625
893,0.002197265625
894,0.00244140625
895,0.002197265625
896,0.002197265625
897,0.001953125
898,0.00244140625
899,0.001953125
900,0.00244140625
901,0.002197265625
902,0.002197265625
903,0.00244140625
904,0.002197265625
905,0.00244140625
906,0.002197265625
907,0.00244140625
908,0.002197265625
909,0.001953125
910,0.00244140625
911,0.001953125
912,0.002197265625
913,0.00244140625
914,0.002197265625
915,0.002197265625
916,0.001953125
917,0.002197265625
918,0.001953125
919,0.001953125
920,0.002197265625
921,0.001953125
922,0.002197265625
923,0.002197265625
924,0.002197265625
925,0.002197265625
926,0.001953125
927,0.002197265625
928,0.002197265625
929,0.002197265625
930,0.002197265625
931,0.001708984375
932,0.001953125
933,0.002197265625
934,0.002197265625
935,0.00244140625
936,0.001953125
937,0.002197265625
938,0.002197265625
939,0.001953125
940,0.002197265625
941,0.001953125
942,0.002197265625
943,0.001953125
944,0.002197265625
945,0.002197265625
946,0.002197265625
947,0.001708984375
948,0.001953125
949,0.001953125
950,0.002197265625
951,0.001953125
952,0.002197265625
953,0.001953125
954,0.001953125
955,0.001708984375
956,0.002197265625
957,0.001953125
958,0.002197265625
959,0.001953125
960,0.002197265625
961,0.002197265625
962,0.00244140625
963,0.002197265625
964,0.002197265625
965,0.00244140625
966,0.002197265625
967,0.001953125
968,0.002197265625
969,0.001953125
970,0.00244140625
971,0.001953125
972,0.002197265625
973,0.001953125
974,0.002197265625
975,0.002197265625
976,0.001953125
977,0.00244140625
978,0.002197265625
979,0.001953125
980,0.002197265625
981,0.002197265625
982,0.00244140625
983,0.00244140625
984,0.002197265625
985,0.002197265625
986,0.001953125
987,0.002197265625
988,0.001953125
989,0.002197265625
990,0.00244140625
991,0.001953125
992,0.002197265625
993,0.001953125
994,0.00244140625
995,0.002197265625
996,0.002197265625
997,0.001953125
998,0.001953125
999,0.001953125
